bushtel_id,name,aliases,community_type,nt_region,population_abs2021,sa1_code,lat,lon,cap_mobile,cap_internet,cap_fixed_phone,cap_road,svc_health_centre,svc_school,svc_store,svc_police,svc_library,svc_council_centre,svc_employment,svc_wifi,wifi_comment,svc_stand,stand_comment,svc_internet,internet_comment,svc_mobile_phone,mobile_phone_comment,svc_aerodrome,svc_road_access,road_access_comment,road_seasonal_cut,service_types_listed,profile_last_updated,nbn_technology,in_fixed_line,in_fixed_wireless,dist_km_nearest_fixed_line,dist_km_nearest_fixed_wireless,fixed_line_attrs,fixed_wireless_attrs,telstra_4g_2025,optus_4g_2025,tpg_4g_2025,mocn_4g_2025,telstra_3g_2025,optus_3g_2025,telstra_5g_2025,optus_5g_2025,tpg_5g_2025,carriers_4g_count,dist_km_telstra_4g,dist_km_optus_4g,dist_km_tpg_4g,telstra_within_5km,telstra_within_10km,telstra_within_40km,optus_within_5km,optus_within_10km,optus_within_40km,tpg_within_5km,tpg_within_10km,tpg_within_40km,jv_within_5km,jv_within_10km,jv_within_40km,any_within_5km,any_within_10km,any_within_40km,nearest_site_km,nearest_site_carrier,nearest_site_name,nearest_site_precision,ntg2022_listed,ntg2022_matched_name,ntg2022_site_type,ntg2022_macro,ntg2022_small,ntg2022_proximity,ntg2022_provider,ntg2022_population,ntg2022_coord_dist_km,ntg2021_with_mobile_listed,ntg2021_mobile_phone,ntg2021_comment,ntg2019_listed,ntg2019_backhaul,ntg2019_provider,ntg2019_coord_dist_km,smallcell_listed,smallcell_provider,fixed_latency_ms,mobile_publishers_available,mobile_sources_covered,mobile_sources_disagree,mobile_says,best_path,telehealth_video,telehealth_reason,school_video_meeting,mygov_text,voice_sms,services_failing,services_degraded,backhaul_2019
9,Amoonguna,,Major,CENTRAL AUSTRALIA,269,7105203,-23.766319,133.935986,1,1,1,1,Y,Y,N,N,,Y,Y,Y,In the vicinity of the Recreation Hall. Active 24\7.,,,Y,,Y,Telstra Coverage Map Telstra Outages,N,Y,Amoonguna is 20 km from Alice Springs off the Ross Highway with a sealed access road. Heavy and consistent rainfall can flood the Todd River and community access may be cut for a short period.,1,17,2025-08-15,SATELLITE_RESIDUAL,0,0,4.694,1239.699,,,1,1,0,1,-1,0,0,0,0,3,0.0,0.0,1238.863,0,1,1,0,1,1,0,1,1,0,0,0,0,1,1,5.213,Telstra,Telstra CDMA site Miller Rd Airport ALICE SPRINGS,Within 10 metres,1,AMOONGUNA,COMMUNITY,0,0,1,OPTUS/TELSTRA,229,0.0,1,Y,www.telstra.com.au/coverage-networks/our-coverage,1,Microwave radio,Telstra,0.035,0,,664.9,4,3,1,accc=1;ntg2022=1;rrl5=0;bushtel=1,satellite,degraded,Latency `664.9 ms` on satellite vs `100 ms` required,degraded,works,works,0,2,Microwave radio
10,Ampilatwatja,"Aharreng, Aherre, Ammaro, Ammaroo, Amperlatwatye",Major,BARKLY,515,7105209,-21.65664,135.22509,1,1,1,1,Y,Y,Y,N,,Y,Y,Y,In the vicinity of the Basketball Court. Monday - Thursday: 9am - 8pm. Friday: 9am-9pm. Not active on weekends.,Y,Located at Ampilatwatja School,Y,,Y,Telstra Coverage Map Telstra Outages,Y,Y,"Ampilatwatja is approx. 315 km south east of Tennant Creek (155 km unsealed) and approx. 325 km north east of Alice Springs, off the Sandover Highway (220 km unsealed). It's about 4 hours' drive if the road is in reasonable condition. A 4-WD is required during rainy weather and the road can be impassable or closed to all vehicles with heavy rain.",1,18,2025-08-15,SATELLITE_RESIDUAL,0,0,245.26,1062.605,,,1,0,0,0,-1,0,0,0,0,1,0.0,154.532,1061.029,1,1,1,0,0,0,0,0,0,0,0,0,1,1,1,0.25,Telstra,Telstra Terminal Adj Lot 18  Ampilatwatja 10 km N of AMMAROO,Within 10 metres,1,AMPILATWATJA,COMMUNITY,1,0,0,TELSTRA,439,0.0,1,Y,www.telstra.com.au/coverage-networks/our-coverage,1,Microwave radio,Project 13,0.041,0,,664.9,4,4,0,accc=1;ntg2022=1;rrl5=1;bushtel=1,terrestrial_mobile,degraded,Latency `664.9 ms` on satellite vs `100 ms` required,degraded,works,works,0,2,Microwave radio
20,Areyonga,Utju,Major,CENTRAL AUSTRALIA,277,7105314,-24.073612,132.27083,1,1,1,1,Y,Y,Y,N,,Y,Y,Y,"In the vicinity of the Rec Hall. Available 10am-9pm Mon-Thurs, 10am-7pm Fri, 10am-9pm Sat. Not available Sun.",,,Y,,N,Telstra Coverage Map Telstra Outages,Y,Y,"The access road consists of sealed road from Alice Springs to Gosses Bluff Juction (185 km), then dirt road to Areyonga (55 km). The dirt part of the road is often quite rough with corrugations. A few creek crossings make the road impassable in fairly extreme wet conditions. Caution required at 'Devils Elbow' at approach to creek crossing accessing community entry point. It takes about 2.5 hours to drive there.",1,17,2025-04-19,SATELLITE_RESIDUAL,0,0,161.72,1243.345,,,0,0,0,0,-1,0,0,0,0,0,37.787,44.421,1244.259,0,0,1,0,0,0,0,0,0,0,0,0,0,0,1,39.345,Telstra,Telstra Site 13.4 km SW of HERMANNSBURG,Within 10 metres,0,,,,,,,,,0,N,www.telstra.com.au/coverage-networks/our-coverage,0,,,,0,,664.9,4,0,0,accc=0;ntg2022=0;rrl5=0;bushtel=0,satellite,fails,Latency `664.9 ms` on satellite vs `100 ms` required; no carrier 4G polygon,degraded,works,degraded,1,2,
26,Orrtipa-Thurra,"Baikal, Bonya, Dortippa-Thurra Assoc, Orrtipa Thurra, Ortipetherre, Ortippa Thura",Minor,CENTRAL AUSTRALIA,38,7105215,-22.784582,136.16829,1,1,1,1,Y,Y,Y,,,,,Y,Serviced by Activ8me. For support ring 13 22 88,,,,,Y,Telstra Coverage Map Telstra Outages,,Y,,0,11,2026-05-06,SATELLITE_RESIDUAL,0,0,250.467,1218.331,,,0,0,0,0,-1,0,0,0,0,0,95.879,172.298,1218.546,1,1,1,0,0,0,0,0,0,0,0,0,1,1,1,0.349,Telstra,"Telstra Street Cell, Orrtip-Thurra Community ANATYE",Within 10 metres,0,,,,,,,,,0,Not recorded,Not recorded,0,,,,0,,664.9,4,2,1,accc=0;ntg2022=0;rrl5=1;bushtel=1,satellite,fails,Latency `664.9 ms` on satellite vs `100 ms` required; no carrier 4G polygon,degraded,works,degraded,1,2,
33,Engawala,Alcoota,Minor,CENTRAL AUSTRALIA,193,7105208,-22.80257,134.45547,1,1,1,1,U,Y,Y,N,,Y,Y,Y,"WiFi hotspot and computer room have been set up in community by CAYLUS . Separate WiFi is provided and serviced by Activ8me, for support ring 13 22 88",,,N,,Y,Telstra Coverage Map Telstra Outages,Y,Y,"Engawala is 180 km from Alice Springs. The Plenty Highway is sealed for 110 kms, turn left onto unsealed Delmore Downs Road for 28 km, left to Engawala.",0,17,2025-04-19,SATELLITE_RESIDUAL,0,0,112.835,1151.619,,,1,0,0,0,-1,0,0,0,0,1,0.0,48.274,1150.635,1,1,1,0,0,1,0,0,0,0,0,0,1,1,1,0.151,Telstra,"Telstra Site, 9 Price Street Engawala",Within 10 metres,1,ENGAWALA,COMMUNITY,0,1,0,TELSTRA,146,0.0,1,Y,<p>www.telstra.com.au/coverage-networks/our-coverage</p>,0,,,,0,,664.9,4,4,0,accc=1;ntg2022=1;rrl5=1;bushtel=1,terrestrial_mobile,nodata,No health centre recorded on BushTel,degraded,works,works,0,1,
36,Finke,"Apatula, Aputula",Major,CENTRAL AUSTRALIA,224,7105006,-25.581439,134.578418,1,1,1,1,Y,Y,Y,U,,Y,Y,Y,In the vicinity of the Rec Hall. 3pm-8pm Tues-Sat. Not available Sun & Mon.,,,Y,,Y,Telstra Coverage Map Telstra Outages,Y,Y,"Travel from Alice Springs via the Stuart Highway to Kulgera Roadhouse, (270 km), turn left via the Finke Road to Finke (147 km, all dirt road. Always check road conditions prior to travel. Erldunda Roadhouse, (200 km from Alice) and Kulgera Roadhouse are available for fuel and food.",0,17,2026-06-26,SATELLITE_RESIDUAL,0,0,208.231,1452.744,,,1,0,0,0,-1,0,0,0,0,1,0.0,108.925,1451.474,1,1,1,0,0,0,0,0,0,0,0,0,1,1,1,0.642,Telstra,Telstra Site  FINKE,Within 10 metres,0,,,,,,,,,1,Y,"<p>www.telstra.com.au/coverage-networks/our-coverage </p><p>July 2020: There is currently mobile coverage at Finke due to a temporary unit set up by the Police during Covid operations. The permanent infrastructure has been installed but is waiting for additional equipment to be delivered, this is expected to be operational by the end of August 2020.</p>",0,,,,0,,664.9,4,3,1,accc=1;ntg2022=0;rrl5=1;bushtel=1,terrestrial_mobile,degraded,Latency `664.9 ms` on satellite vs `100 ms` required,degraded,works,works,0,2,
41,Haasts Bluff,"Ikuntji, Kunparrka",Major,CENTRAL AUSTRALIA,96,7105306,-23.44733,131.88129,1,1,1,1,U,Y,Y,U,,Y,Y,Y,"In the vicinity of the Rec Hall. Available 24hrs, 7 days. Separate WiFi is provided and serviced by Activ8me, for support ring 13 22 88",,,N,,N,Telstra Coverage Map Telstra Outages,Y,Y,"Haasts Bluff is 227 km west of Alice Springs via Larapinta Drive and the Namatjira Kintore Link Road, or 257 km via the Tanami Highway and then turn onto Papunya/Kintore road.",0,17,2026-06-29,SATELLITE_RESIDUAL,0,0,198.033,1169.989,,,0,0,0,0,-1,0,0,0,0,0,10.589,64.266,1172.185,0,0,1,0,0,0,0,0,0,0,0,0,0,0,1,28.832,Telstra,Telstra Radio Terminal PAPUNYA,Unknown,0,,,,,,,,,0,N,www.telstra.com.au/coverage-networks/our-coverage,0,,,,0,,664.9,4,0,0,accc=0;ntg2022=0;rrl5=0;bushtel=0,satellite,nodata,No health centre recorded on BushTel,degraded,works,degraded,0,2,
42,Atitjere,"Arltarlpilta, Hart Range, Harts Range",Major,CENTRAL AUSTRALIA,239,7105207,-22.9843,134.9341,1,1,1,1,Y,Y,Y,Y,,Y,Y,Y,"Available 24hours, 7 days.",,,Y,,Y,Telstra Coverage Map Telstra Outages,Y,Y,Atitjere is approx 215 km from Alice Springs on the Plenty Highway. The highway is sealed from the Stuart Highway to Atitjere. Work is progressing on sealing the road past the turn off.,0,17,2026-06-26,SATELLITE_RESIDUAL,0,0,130.375,1187.281,,,1,0,0,0,-1,0,0,0,0,1,0.0,50.818,1186.435,1,1,1,0,0,0,0,0,0,0,0,0,1,1,1,1.103,Telstra,Telstra Comms Site 266 Plenty Hwy (Adj Power Stn) Hart,Within 100 metres,1,ATITJERE,COMMUNITY,1,0,0,TELSTRA,157,0.0,1,Y,Mobile phone coverage now available up to 10 km radius from community. Service switched on 16 April 2019.,1,Microwave radio,Telstra,1.162,0,,664.9,4,4,0,accc=1;ntg2022=1;rrl5=1;bushtel=1,terrestrial_mobile,degraded,Latency `664.9 ms` on satellite vs `100 ms` required,degraded,works,works,0,2,Microwave radio
43,Hermannsburg,Ntaria,Major,CENTRAL AUSTRALIA,647,7105313,-23.9427,132.7787,1,1,1,1,Y,Y,Y,Y,,Y,Y,Y,"In the vicinity of the Rec Hall. Tuesday to Thursday 0830am-10:00pm, Friday 0830am-10:30pm, Saturday 0830am-6pm, Sunday &amp; Monday turned off",,,Y,,Y,Telstra Coverage Map Telstra Outages,Y,Y,"The 130 km access road to the community from Alice Springs is along Larapinta Drive, and is sealed the entire distance. It's around 1.5 hrs drives from Alice Springs, however can be cut off due to heavy rain for short periods.",1,17,2026-06-26,SATELLITE_RESIDUAL,0,0,108.653,1235.37,,,1,0,0,0,-1,0,0,0,0,1,0.0,6.647,1235.503,1,1,1,0,0,1,0,0,0,0,0,0,1,1,1,0.222,Telstra,Telstra Exchange  HERMANNSBURG,Within 10 metres,1,HERMANNSBURG,COMMUNITY,1,0,0,TELSTRA,491,0.0,1,Y,www.telstra.com.au/coverage-networks/our-coverage,1,Optic fibre,Project 13,0.176,0,,664.9,4,4,0,accc=1;ntg2022=1;rrl5=1;bushtel=1,terrestrial_mobile,degraded,Latency `664.9 ms` on satellite vs `100 ms` required,degraded,works,works,0,2,Optic fibre
51,Imanpa,Mt Ebenezer,Major,CENTRAL AUSTRALIA,146,7105005,-25.13051,132.56999,1,1,1,1,Y,Y,Y,U,,Y,Y,Y,"In the vicinity of the Learning Centre. Available 24hours, 7 days.",,,N,,Y,Telstra Coverage Map Telstra Outages,N,Y,The community is accessible by road (Lasseters Highway) from Alice Springs. The Lasseters Highway is sealed to the community turn off.,0,17,2026-06-29,SATELLITE_RESIDUAL,0,0,197.714,1364.355,,,1,0,0,0,-1,0,0,0,0,1,0.0,108.564,1364.019,1,1,1,0,0,1,0,0,0,0,0,0,1,1,1,0.171,Telstra,Telstra Site 109 Waterhole Road IMANPA,Within 10 metres,1,IMANPA,COMMUNITY,1,0,0,TELSTRA,106,0.0,1,Y,<p>www.telstra.com.au/coverage-networks/our-coverage</p>,0,,,,0,,664.9,4,4,0,accc=1;ntg2022=1;rrl5=1;bushtel=1,terrestrial_mobile,degraded,Latency `664.9 ms` on satellite vs `100 ms` required,degraded,works,works,0,2,
63,Irrultja,"Irrwelty, Ittweltye",Minor,BARKLY,45,7105210,-21.97997,135.11128,1,1,1,1,,U,,,,,,Y,,,,,,,,,Y,,0,8,2025-08-06,SATELLITE_RESIDUAL,0,0,226.343,1090.493,,,0,0,0,0,-1,0,0,0,0,0,0.498,161.921,1089.162,0,0,1,0,0,0,0,0,0,0,0,0,0,0,1,36.563,Telstra,Telstra Terminal LOT 17 Arlparra Comm SANDOVER,Within 10 metres,0,,,,,,,,,0,Not recorded,Not recorded,0,,,,0,,664.9,4,0,0,accc=0;ntg2022=0;rrl5=0;bushtel=0,satellite,nodata,No health centre recorded on BushTel,nodata,works,degraded,0,1,
65,Iwupataka,Jay Creek,Minor,CENTRAL AUSTRALIA,0,7105216,-23.79061,133.50327,1,1,1,1,,,,,,,,,,,,,,,,,,,0,1,2023-03-24,SATELLITE_RESIDUAL,0,0,33.747,1232.075,,,1,0,0,0,-1,0,0,0,0,1,0.0,0.111,1231.469,0,1,1,0,0,1,0,0,1,0,0,0,0,1,1,8.365,Telstra,"Telstra Site, Standley Creek Kiosk Hugh",Within 10 metres,0,,,,,,,,,0,Not recorded,Not recorded,0,,,,0,,664.9,4,1,1,accc=1;ntg2022=0;rrl5=0;bushtel=0,satellite,nodata,No health centre recorded on BushTel,nodata,works,works,0,0,
66,Kaltukatjara,"Docker River, Kalktukatjara",Major,CENTRAL AUSTRALIA,269,7105004,-24.876112,129.07916,1,1,1,1,Y,Y,Y,U,,Y,Y,Y,"In the vicinity of the Shiny Shed, Lot 141. 11am-9pm daily.",,,Y,,Y,Telstra Coverage Map Telstra Outages,Y,Y,Alice Springs to Docker River is 670 km via Uluru. The 183 km from the Olgas is unsealed. The community is on the Outback Way. It's approximately 7 hours drive from Alice Springs.,0,18,2026-04-07,SATELLITE_RESIDUAL,0,0,493.862,1340.456,,,1,0,0,0,-1,0,0,0,0,1,0.0,152.101,1354.145,1,1,1,0,0,0,0,0,0,0,0,0,1,1,1,0.393,Telstra,Telstra Radio Terminal DOCKER RIVER EAST,Within 100 metres,1,KALTUKATJARA,COMMUNITY,1,0,0,TELSTRA,195,0.0,1,Y,www.telstra.com.au/coverage-networks/our-coverage,1,Optic fibre,Telstra/NTG Program,0.02,0,,664.9,4,4,0,accc=1;ntg2022=1;rrl5=1;bushtel=1,terrestrial_mobile,degraded,Latency `664.9 ms` on satellite vs `100 ms` required,degraded,works,works,0,2,Optic fibre
72,Kintore,"Walangkura, Walangura, Walungurru",Major,CENTRAL AUSTRALIA,493,7105303,-23.27591,129.38725,1,1,1,1,Y,Y,Y,Y,,Y,Y,Y,"In the vicinity of the Youth Centre. Separate WiFi is provided and serviced by Activ8me, for support ring 13 22 88",Y,Located at Yirara College and Walunguru School,Y,,Y,Telstra Coverage Map Telstra Outages,Y,Y,"By road, road the community is 530km from Alice Springs. The first part (136 km) of road travel is via a bitumen all-weather Tanami Highway. The remainder of the journey is via dirt roads of varying quality.",0,19,2026-06-26,SATELLITE_RESIDUAL,0,0,450.858,1158.706,,,1,0,0,0,-1,0,0,0,0,1,0.0,214.212,1173.26,1,1,1,0,0,0,0,0,0,0,0,0,1,1,1,0.314,Telstra,Kintore Rd KINTORE,Within 10 metres,1,KINTORE,COMMUNITY,1,0,0,TELSTRA,381,0.0,1,Y,www.telstra.com.au/coverage-networks/our-coverage,1,Microwave radio,Telstra/NTG Program,0.027,0,,664.9,4,4,0,accc=1;ntg2022=1;rrl5=1;bushtel=1,terrestrial_mobile,degraded,Latency `664.9 ms` on satellite vs `100 ms` required,degraded,works,works,0,2,Microwave radio
86,Laramba,Napperby,Major,CENTRAL AUSTRALIA,222,7105405,-22.532972,132.75603,1,1,1,1,Y,Y,Y,N,,Y,Y,Y,"WiFi hotspot and computer room have been set up in community by CAYLUS . Separate WiFi is provided and serviced by Activ8me, for support ring 13 22 88",,,N,,Y,Telstra Coverage Map Telstra Outages,Y,Y,"The Community is 205 km by road from Alice Springs. Access to the community from Alice Springs is via the Napperby station road, which runs west from the Stuart Highway, 122 km north of Alice Springs. The community is located 83km from the turnoff. It takes 2.5 hours to drive there.",0,17,2025-04-19,SATELLITE_RESIDUAL,0,0,168.705,1079.388,,,1,0,0,0,-1,0,0,0,0,1,0.0,112.81,1080.056,1,1,1,0,0,0,0,0,0,0,0,0,1,1,1,0.174,Telstra,"Telstra Site, 12 Ayerrer Street Laramba",Within 10 metres,0,,,,,,,,,0,N,www.telstra.com.au/coverage-networks/our-coverage,0,,,,0,,664.9,4,3,1,accc=1;ntg2022=0;rrl5=1;bushtel=1,terrestrial_mobile,degraded,Latency `664.9 ms` on satellite vs `100 ms` required,degraded,works,works,0,2,
112,Mount Liebig,"Amunturangu, Amunturrunga, Anturgunu, Mt Liebig, Watiyawanu",Major,CENTRAL AUSTRALIA,282,7105308,-23.26605,131.27319,1,1,1,1,Y,Y,Y,N,,Y,Y,Y,In the vicinity of the Youth Centre. Available 24/7.,,,Y,,Y,Telstra Coverage Map Telstra Outages,Y,Y,The community is located 325 km west of Alice Springs via the Tanami Highway and Kintore Roads.,0,17,2026-02-10,SATELLITE_RESIDUAL,0,0,262.165,1146.85,,,1,0,0,0,-1,0,0,0,0,1,0.0,92.588,1150.901,1,1,1,0,0,0,0,0,0,0,0,0,1,1,1,1.354,Telstra,Telstra Site MT LIEBIG,Unknown,1,MOUNT LIEBIG,COMMUNITY,1,0,0,TELSTRA,234,0.0,1,Y,www.telstra.com.au/coverage-networks/our-coverage,1,Optic fibre,MBSP,0.02,0,,664.9,4,4,0,accc=1;ntg2022=1;rrl5=1;bushtel=1,terrestrial_mobile,degraded,Latency `664.9 ms` on satellite vs `100 ms` required,degraded,works,works,0,2,Optic fibre
120,Mutitjulu,"Ayers Rock, Mutitjula",Major,CENTRAL AUSTRALIA,314,7105003,-25.3523,131.0667,1,1,1,1,Y,Y,Y,Y,,N,Y,Y,In the vicinity of the Rec Hall. 8am-8pm daily.,,,Y,,Y,Telstra Coverage Map Telstra Outages,N,Y,Mutitjulu is located 470 km southwest by road from Alice Springs. The community can is accessible all year round by road (sealed) via Lasseter Highway (Alice Springs to Yulara) and Uluru Road (Yulara to Mutitjulu).,0,20,2026-06-26,SATELLITE_RESIDUAL,0,0,330.526,1380.286,,,1,1,0,1,-1,0,0,0,0,3,0.0,0.0,1382.875,1,1,1,0,0,1,0,0,1,0,0,0,1,1,1,0.42,Telstra,Telstra Site Mutitjulu Comm MUTITJULU,Within 10 metres,1,MUTITJULU,COMMUNITY,1,0,1,OPTUS/TELSTRA,426,0.0,1,Y,www.telstra.com.au/coverage-networks/our-coverage,1,Optic fibre,Project 13,0.374,0,,664.9,4,4,0,accc=1;ntg2022=1;rrl5=1;bushtel=1,terrestrial_mobile,degraded,Latency `664.9 ms` on satellite vs `100 ms` required,degraded,works,works,0,2,Optic fibre
127,Nturiya,"Ti Tree, Ti Tree Station",Major,CENTRAL AUSTRALIA,77,7105408,-22.12379,133.26529,1,1,1,1,N,N,N,N,Y,N,Y,Y,"In the vicinity of the Library (Council Building). 1pm-4pm Mon-Fri, 9am-4pm Sat. Not available Sun.",,,Y,,Y,Telstra Coverage Map Telstra Outages,N,Y,"The community is around 210 km north of Alice Springs by road via the Stuart Highway, 16 km west of Ti Tree. The entire road to Ti Tree is sealed, and takes two hours to drive there.",0,18,2025-04-19,SATELLITE_RESIDUAL,0,0,182.122,1045.035,,,1,0,0,0,-1,0,0,0,0,1,0.0,120.643,1044.843,0,0,1,0,0,0,0,0,0,0,0,0,0,0,1,18.273,Telstra,Telstra Repeater 8391 8 km S of TI TREE,Within 100 metres,1,NTURIYA,COMMUNITY,0,0,1,TELSTRA,66,0.0,1,Y,www.telstra.com.au/coverage-networks/our-coverage,1,Optic fibre,Telstra,15.756,1,Optus,664.9,4,3,1,accc=1;ntg2022=1;rrl5=0;bushtel=1,satellite,nodata,No health centre recorded on BushTel,nodata,works,works,0,0,Optic fibre
128,Nyirripi,Waite Creek,Major,CENTRAL AUSTRALIA,295,7105302,-22.6505,130.5532,1,1,1,1,Y,Y,Y,U,,Y,Y,Y,"WiFi hotspot and computer room have been set up in community by CAYLUS . Separate WiFi is provided and serviced by Activ8me, for support ring 13 22 88",,,N,,Y,Telstra Coverage Map Telstra Outages,Y,Y,"From Alice Springs travel via the Tanami Highway to Yuendumu, (293 km, 285 km sealed). Turn left opposite Yuendumu via the Nyirripi Road. Nyirripi is 150 km of dirt road. Always check the road conditions prior to travel. The Tilmouth Well Roadhouse is 188 km from Alice Springs for fuel and food.",0,18,2026-06-26,SATELLITE_RESIDUAL,0,0,351.411,1078.436,,,1,0,0,0,-1,0,0,0,0,1,0.0,187.59,1086.514,1,1,1,0,0,0,0,0,0,0,0,0,1,1,1,0.21,Telstra,Telstra Radio Site 29 Manja Street NYIRRIPI,Within 100 metres,0,,,,,,,,,0,N,www.telstra.com.au/coverage-networks/our-coverage,0,,,,0,,664.9,4,3,1,accc=1;ntg2022=0;rrl5=1;bushtel=1,terrestrial_mobile,degraded,Latency `664.9 ms` on satellite vs `100 ms` required,degraded,works,works,0,2,
131,Papunya,Warumpi,Major,CENTRAL AUSTRALIA,514,7105305,-23.203056,131.9111,1,1,1,1,Y,Y,Y,Y,,Y,Y,Y,In the vicinity of the Maku Shed.,,,Y,Available on Telstra mobile network.,Y,Telstra Coverage Map Telstra Outages,Y,Y,The community is accessible via the Tanami Highway and Kintore road from Alice Springs. It is located 240 km west of Alice Springs.,0,18,2026-06-26,SATELLITE_RESIDUAL,0,0,200.969,1142.981,,,1,0,0,0,-1,0,0,0,0,1,0.0,71.721,1145.261,1,1,1,0,0,0,0,0,0,0,0,0,1,1,1,1.83,Telstra,Telstra Radio Terminal PAPUNYA,Unknown,1,PAPUNYA,COMMUNITY,1,0,0,TELSTRA,389,0.0,1,Y,www.telstra.com.au/coverage-networks/our-coverage,1,Optic fibre,Project 13,0.291,0,,664.9,4,4,0,accc=1;ntg2022=1;rrl5=1;bushtel=1,terrestrial_mobile,degraded,Latency `664.9 ms` on satellite vs `100 ms` required,degraded,works,works,0,2,Optic fibre
138,Pmara Jutunta,"Six Mile, Ti Tree Six Mile",Major,CENTRAL AUSTRALIA,169,7105407,-22.20878,133.43073,1,1,1,1,Y,N,N,N,,N,Y,,,,,Y,,Y,Telstra Coverage Map Telstra Outages,N,Y,The community is around 190 km from Alice Springs by road on the Stuart Highway. It takes 2 hours to drive there. The community is situated approximately 500 metres to the east of the Stuart Highway.,0,16,2025-04-19,SATELLITE_RESIDUAL,0,0,168.057,1058.271,,,1,0,0,0,-1,0,0,0,0,1,0.0,103.735,1057.859,1,1,1,0,0,0,0,0,0,0,0,0,1,1,1,1.218,Telstra,Telstra Repeater 8391 8 km S of TI TREE,Within 100 metres,1,PMARA JUTUNTA,COMMUNITY,1,0,0,TELSTRA,144,0.0,1,Y,www.telstra.com.au/coverage-networks/our-coverage,0,,,,0,,664.9,4,4,0,accc=1;ntg2022=1;rrl5=1;bushtel=1,terrestrial_mobile,degraded,Latency `664.9 ms` on satellite vs `100 ms` required,nodata,works,works,0,1,
145,Santa Teresa,"Ltyente Purte, Ltyentye Apurte",Major,CENTRAL AUSTRALIA,708,7105204,-24.1307,134.3733,1,1,1,1,Y,Y,Y,U,,Y,Y,Y,In the vicinity of the Rec Hall. Tuesday ¿ Saturday 3pm ¿ 10pm (Standard hours) / Tuesday ¿ Saturday 8am ¿ 10pm (School holidays) - Disabled Mondays &amp; Sundays,Y,Located at the Ltyentye Apurte Catholic School,Y,,Y,Telstra Coverage Map Telstra Outages,Y,Y,The community is located 85 km from Alice Springs by road and it takes approx 1 hour to drive there. The access road to the community consists of sealed road (50%) and unsealed gravel road. The road is passable for conventional vehicles at most times. A few creek crossings make the road impassable in fairly extreme wet conditions.,1,18,2026-06-29,SATELLITE_RESIDUAL,0,0,57.377,1290.784,,,1,0,0,0,-1,0,0,0,0,1,0.0,0.376,1289.856,1,1,1,0,0,0,0,0,0,0,0,0,1,1,1,0.32,Telstra,Telstra Comsite SANTA TERESA,Within 100 metres,1,SANTA TERESA,COMMUNITY,1,0,0,TELSTRA,561,0.0,1,Y,www.telstra.com.au/coverage-networks/our-coverage,1,Microwave radio,Telstra,0.231,0,,664.9,4,4,0,accc=1;ntg2022=1;rrl5=1;bushtel=1,terrestrial_mobile,degraded,Latency `664.9 ms` on satellite vs `100 ms` required,degraded,works,works,0,2,Microwave radio
147,Arawerr,"Arrawarra, Iyngiynyala, Soapy Bore",Minor,BARKLY,80,7105213,-22.01371,134.84618,1,1,1,1,,U,,,,,,Y,,,,,,,,,Y,,0,8,2025-08-06,SATELLITE_RESIDUAL,0,0,209.149,1083.223,,,1,0,0,0,-1,0,0,0,0,1,0.0,144.061,1081.866,0,0,1,0,0,0,0,0,0,0,0,0,0,0,1,10.896,Telstra,Telstra Terminal LOT 17 Arlparra Comm SANDOVER,Within 10 metres,0,,,,,,,,,0,Not recorded,Not recorded,0,,,,0,,664.9,4,1,1,accc=1;ntg2022=0;rrl5=0;bushtel=0,satellite,nodata,No health centre recorded on BushTel,nodata,works,works,0,0,
148,Titjikala,Maryvale,Major,CENTRAL AUSTRALIA,230,7105206,-24.67389,134.07584,1,1,1,1,Y,Y,Y,U,,Y,Y,Y,In the vicinity of the Rec Hall (Lot 109). Available 24/7.,Y,Located at the Titjikala School,Y,,Y,Telstra Coverage Map Telstra Outages,N,Y,"The community is located 130 km south east of Alice Springs via the Old South Road. It takes approx 1.5 hours to drive there. The road from Alice Springs is mostly unsealed. Access is generally available to conventional vehicles, however the road becomes impassable after heavy rains.",1,18,2025-08-15,SATELLITE_RESIDUAL,0,0,97.089,1341.609,,,1,0,0,0,-1,0,0,0,0,1,0.0,28.224,1340.515,1,1,1,0,0,1,0,0,0,0,0,0,1,1,1,0.385,Telstra,Telstra Radio Terminal 110 km SSE of Alice Springs MARYVALE,Within 10 metres,1,TITJIKALA,COMMUNITY,1,0,0,TELSTRA,186,0.0,1,Y,www.telstra.com.au/coverage-networks/our-coverage,1,Microwave radio,Telstra/NTG Program,0.02,0,,664.9,4,4,0,accc=1;ntg2022=1;rrl5=1;bushtel=1,terrestrial_mobile,degraded,Latency `664.9 ms` on satellite vs `100 ms` required,degraded,works,works,0,2,Microwave radio
174,Wallace Rockhole,"Ulana, Uranda, Wallace Rock Hole",Major,CENTRAL AUSTRALIA,102,7105307,-24.1245,133.0863,1,1,1,1,Y,Y,Y,N,,Y,Y,Y,"In the vicinity of the Council Office, 18 Roesch St. Available 24 hours, 7 days.",,,Y,,Y,Telstra Coverage Map Telstra Outages,N,Y,The access road to the community consists of 100 km of sealed road from Alice Springs and then 20 km of graded dirt road. It takes 1.5 hours to drive there. The road is passable for conventional vehicles at most times though it is rough in the wet. In extreme weather the road is impassable and the town can become isolated.,1,17,2025-04-19,SATELLITE_RESIDUAL,0,0,86.439,1260.505,,,1,0,0,0,-1,0,0,0,0,1,0.0,25.089,1260.158,1,1,1,0,0,1,0,0,0,0,0,0,1,1,1,0.135,Telstra,Telstra Site WALLACE ROCKHOLE,Unknown,1,WALLACE ROCKHOLE,COMMUNITY,1,0,0,TELSTRA,82,0.0,1,Y,www.telstra.com.au/coverage-networks/our-coverage,1,Microwave radio,MBSP,0.063,0,,664.9,4,4,0,accc=1;ntg2022=1;rrl5=1;bushtel=1,terrestrial_mobile,degraded,Latency `664.9 ms` on satellite vs `100 ms` required,degraded,works,works,0,2,Microwave radio
186,Willowra,"Willowra Station, Wirliyatjarrayi",Major,CENTRAL AUSTRALIA,261,7105403,-21.244458,132.613903,1,1,1,1,Y,Y,Y,U,,Y,Y,Y,"In the vicinity of the Willowra Activity Centre, CDP building, 9 Pawu St. 9am-3pm Mon-Fri, not available Sat & Sun.",,,Y,,Y,Telstra Coverage Map Telstra Outages,Y,Y,"The community is located off the Stuart Highway 340 km north, north west of Alice Springs. Travel up the Stuart Highway towards Tennant Creek, and turn off highway 15 km north of Ti Tree, travel 130km north-west to the community.",0,17,2026-06-29,SATELLITE_RESIDUAL,0,0,237.882,935.246,,,1,0,0,0,-1,0,0,0,0,1,0.0,176.73,936.24,1,1,1,0,0,0,0,0,0,0,0,0,1,1,1,0.422,Telstra,"Telstra Radio Site Willowra Community, 5 Kakarrara Road Willowra",Within 10 metres,0,,,,,,,,,0,N,www.telstra.com.au/coverage-networks/our-coverage,0,,,,0,,664.9,4,3,1,accc=1;ntg2022=0;rrl5=1;bushtel=1,terrestrial_mobile,degraded,Latency `664.9 ms` on satellite vs `100 ms` required,degraded,works,works,0,2,
187,Wilora,Stirling Station,Minor,CENTRAL AUSTRALIA,69,7105409,-21.7411,133.7311,1,1,1,1,U,Y,Y,N,,N,Y,,,,,N,,Y,Telstra Coverage Map Telstra Outages,N,Y,"The community is located 245 km north of Alice Springs. Sighnposted - turn off East of the Stuart Highway, only a short distance from the Highway.",0,16,2025-04-19,SATELLITE_RESIDUAL,0,0,214.885,1016.12,,,1,0,0,0,-1,0,0,0,0,1,0.0,137.352,1015.201,1,1,1,0,0,1,0,0,0,0,0,0,1,1,1,0.174,Telstra,"20 m monopole, 126 Ilewarr Road Wilora",Within 100 metres,0,,,,,,,,,0,N,www.telstra.com.au/coverage-networks/our-coverage,0,,,,0,,664.9,4,3,1,accc=1;ntg2022=0;rrl5=1;bushtel=1,terrestrial_mobile,nodata,No health centre recorded on BushTel,degraded,works,works,0,1,
197,Yuelamu,"Alpirakina, Mount Allan",Major,CENTRAL AUSTRALIA,175,7105404,-22.258347,132.205569,1,1,1,1,U,Y,Y,N,,Y,Y,Y,"Serviced by Activ8me, for support ring 13 22 88",,,N,,Y,Telstra Coverage Map Telstra Outages,Y,Y,The access road to the community from Alice Springs is via the Tanami Highway off the Stuart Highway. The road from the Stuart Highway to the Mt Allen turnoff is sealed. From there it is 31 km unformed gravel road to the community. From the Tanami Highway the road is subject to washaways during heavy rainfall.,0,17,2025-04-19,SATELLITE_RESIDUAL,0,0,229.454,1040.882,,,1,0,0,0,-1,0,0,0,0,1,0.0,144.29,1042.849,1,1,1,0,0,0,0,0,0,0,0,0,1,1,1,0.059,Telstra,"Telstra Exchange Yuelamu, Yerramp Road Yuelamu",Within 10 metres,0,,,,,,,,,0,N,www.telstra.com.au/coverage-networks/our-coverage,0,,,,0,,664.9,4,3,1,accc=1;ntg2022=0;rrl5=1;bushtel=1,terrestrial_mobile,nodata,No health centre recorded on BushTel,degraded,works,works,0,1,
198,Yuendumu,,Major,CENTRAL AUSTRALIA,869,7105401,-22.25389,131.79529,1,1,1,1,Y,Y,Y,Y,,Y,Y,N,,,,Y,,Y,Telstra Coverage Map Telstra Outages,Y,Y,"The access road to the community from Alice Springs is along the Tanami Highway, which branches off the Stuart Highway 25 km North of Alice Springs. It takes approximately 3 hours to drive there. The road is sealed all way to Yuendumu.",0,18,2026-06-26,SATELLITE_RESIDUAL,0,0,261.24,1036.305,,,1,0,0,0,-1,0,0,0,0,1,0.0,160.866,1039.421,1,1,1,0,0,0,0,0,0,0,0,0,1,1,1,0.431,Telstra,Telstra Radio Terminal YUENDUMU,Unknown,1,YUENDUMU,COMMUNITY,1,0,0,TELSTRA,617,0.0,1,Y,www.telstra.com.au/coverage-networks/our-coverage,1,Optic fibre,Telstra,0.123,0,,664.9,4,4,0,accc=1;ntg2022=1;rrl5=1;bushtel=1,terrestrial_mobile,degraded,Latency `664.9 ms` on satellite vs `100 ms` required,degraded,works,works,0,2,Optic fibre
202,Ali Curung,"Ale-Kerange, Alekarange, Alekarenge, Warrabri, Warribri",Major,BARKLY,463,7105504,-21.003334,134.40694,1,1,1,1,Y,Y,Y,Y,,Y,N,Y,In the vicinity of the Rec Hall. 12:30pm-9:30pm Mon-Fri. Not available Sat & Sun.,,,Y,,Y,Telstra Coverage Map Telstra Outages,Y,Y,The community is located 170 km south of Tennant Creek. The road from Tennant Creek to Ali Curung is sealed and is roughly a 2 hr drive.,0,18,2026-06-26,SATELLITE_RESIDUAL,0,0,149.231,961.812,,,1,0,0,0,-1,0,0,0,0,1,0.0,44.932,959.736,1,1,1,0,0,1,0,0,0,0,0,0,1,1,1,0.092,Telstra,Telstra Radio Terminal ALI CURUNG,Within 10 metres,1,ALI CURUNG,COMMUNITY,1,0,0,TELSTRA,394,0.0,1,Y,www.telstra.com.au/coverage-networks/our-coverage,1,Optic fibre,Telstra/NTG Program,0.148,0,,664.9,4,4,0,accc=1;ntg2022=1;rrl5=1;bushtel=1,terrestrial_mobile,degraded,Latency `664.9 ms` on satellite vs `100 ms` required,degraded,works,works,0,2,Optic fibre
203,Alpurrurulam,"Ilperrelhelam, Lake Nash, Wart Alparayetye",Major,BARKLY,411,7105507,-20.984167,137.84749,1,1,1,1,Y,Y,Y,U,,Y,Y,Y,"In the vicinity of the Community Centre. 2:30pm-10pm Mon-Fri, 8am-10pm Sat &amp; Sun. Separate WiFi is provided and serviced by Activ8me, for support ring 13 22 88",,,Y,,Y,Telstra Coverage Map Telstra Outages,Y,Y,"Alpurrurulam is approx. 570 km east from Tennant Creek along the Barkly Highway via the&nbsp;Austral Downs Station road turnoff approx. 11 km from the NT/QLD border. In the wet season the road, and the river can become impassable. Alpurrurulam can also be accessed via the Sandover Highway.",1,18,2026-06-26,SATELLITE_RESIDUAL,0,0,406.025,1147.428,,,1,0,0,0,-1,0,0,0,0,1,0.0,136.812,1147.35,1,1,1,0,0,0,0,0,0,0,0,0,1,1,1,0.332,Telstra,Telstra Site 11 Antyiper Street Alpurrurulam,Within 10 metres,1,ALPURRURULAM,COMMUNITY,1,0,0,TELSTRA,350,0.0,1,Y,<p>www.telstra.com.au/coverage-networks/our-coverage</p>,0,,,,0,,664.9,4,4,0,accc=1;ntg2022=1;rrl5=1;bushtel=1,terrestrial_mobile,degraded,Latency `664.9 ms` on satellite vs `100 ms` required,degraded,works,works,0,2,
219,Canteen Creek,"Orwaitilla, Orwaitillya, Owairtilla",Major,BARKLY,190,7105505,-20.645082,135.58678,1,1,1,1,Y,Y,Y,N,,N,N,Y,"Serviced by Activ8me, for support ring 13 22 88",,,Y,,Y,Telstra Coverage Map Telstra Outages,Y,Y,"The community is located approx. 275 km south east of Tennant Creek. 85 km south along the Stuart Highway is the turn off, then 190 km east along a dirt road past Wutunugurra (Epenarra) community. It is approx. a 3.5 hours drive from Tennant Creek.",0,20,2026-06-30,SATELLITE_RESIDUAL,0,0,180.52,980.4,,,1,0,0,0,-1,0,0,0,0,1,0.0,118.915,977.656,1,1,1,0,0,0,0,0,0,0,0,0,1,1,1,0.203,Telstra,"Telstra Site, Corner of Canteen Creek Road and Mick Street Canteen Creek",Within 10 metres,0,,,,,,,,,0,N,www.telstra.com.au/coverage-networks/our-coverage,0,,,,0,,664.9,4,3,1,accc=1;ntg2022=0;rrl5=1;bushtel=1,terrestrial_mobile,degraded,Latency `664.9 ms` on satellite vs `100 ms` required,degraded,works,works,0,2,
227,Wutunugurra,"Epenarra, Wetenngerr, Wuttunugurr, Wutunurrgura",Major,BARKLY,168,7105506,-20.461555,135.25241,1,1,1,1,Y,Y,Y,N,,Y,Y,Y,"Serviced by Activ8me, for support ring 13 22 88",,,Y,,Y,Telstra Coverage Map Telstra Outages,Y,Y,"The community is located on the western side of the Frew River, 205km south-east of Tennant Creek. Access road consists of both sealed and unsealed sections (around 87km of sealed along the Stuart Highway to the Wutunugurra turn off and 118km of unsealed along the Kurundi Road). Access to the community is variable, depending on weather conditions the Kurundi Road may be closed due to flooding in the wet season.",1,17,2025-10-17,SATELLITE_RESIDUAL,0,0,140.594,945.451,,,1,0,0,0,-1,0,0,0,0,1,0.0,77.339,942.358,1,1,1,0,0,0,0,0,0,0,0,0,1,1,1,0.222,Telstra,"Telstra Site, 6 Blackman Court, Epenarra Community Wutunugurra",Within 10 metres,0,,,,,,,,,0,N,www.telstra.com.au/coverage-networks/our-coverage,0,,,,0,,664.9,4,3,1,accc=1;ntg2022=0;rrl5=1;bushtel=1,terrestrial_mobile,degraded,Latency `664.9 ms` on satellite vs `100 ms` required,degraded,works,works,0,2,
244,Mungkarta,"Mclaren Creek, Mungarta",Minor,BARKLY,0,7105503,-20.33702,134.19843,1,1,1,1,Y,U,,,,,,Y,"Serviced by Activ8me, for support ring 13 22 88",,,,,,,,Y,,0,9,2026-06-19,SATELLITE_RESIDUAL,0,0,73.23,885.007,,,0,0,0,0,-1,0,0,0,0,0,22.336,17.669,882.354,0,0,1,0,0,1,0,0,0,0,0,0,0,0,1,25.428,Optus,Optus Small Cell Site Devils Marbles DAVENPORT,Within 10 metres,0,,,,,,,,,0,Not recorded,Not recorded,0,,,,0,,664.9,4,0,0,accc=0;ntg2022=0;rrl5=0;bushtel=0,satellite,fails,Latency `664.9 ms` on satellite vs `100 ms` required; no carrier 4G polygon,nodata,works,degraded,1,1,
250,Imangara,"Imangara Mungarai, Imangarra, Murray Downs, Murry Downs",Minor,BARKLY,79,7105508,-21.04961,134.68117,1,1,1,1,N,Y,Y,N,,N,N,,,,,N,,N,Telstra Coverage Map Telstra Outages,Y,Y,"By road, the community is located 207 km south of Tenant Creek. Turn off Ali Curung road opposite workshop - 35km to Murray Down Station. First 170km section of the road is sealed and the later part is unsealed.",0,16,2025-04-19,SATELLITE_RESIDUAL,0,0,161.084,977.697,,,0,0,0,0,-1,0,0,0,0,0,6.746,64.087,975.518,0,0,1,0,0,0,0,0,0,0,0,0,0,0,1,28.912,Telstra,Telstra Radio Terminal ALI CURUNG,Within 10 metres,0,,,,,,,,,0,N,www.telstra.com.au/coverage-networks/our-coverage,0,,,,0,,664.9,4,0,0,accc=0;ntg2022=0;rrl5=0;bushtel=0,satellite,nodata,No health centre recorded on BushTel,degraded,works,fails,1,1,
252,Marlinja,Newcastle Waters,Minor,BARKLY,52,7105501,-17.37111,133.40305,1,1,1,1,,Y,,,,,,,,,,,,,,,Y,,0,7,2026-06-19,SATELLITE_RESIDUAL,0,0,262.664,551.45,,,1,0,0,0,-1,0,0,0,0,1,0.0,69.757,544.179,1,1,1,0,0,1,0,0,0,0,0,0,1,1,1,0.652,Telstra,Telstra Site 28 Drovers Drive NEWCASTLE WATERS,Within 10 metres,1,MARLINJA,COMMUNITY,0,0,1,TELSTRA,36,0.0,1,Not recorded,Not recorded,1,Optic fibre,Project 13,1.068,0,,664.9,4,3,1,accc=1;ntg2022=1;rrl5=1;bushtel=0,terrestrial_mobile,nodata,No health centre recorded on BushTel,degraded,works,works,0,1,Optic fibre
256,Wandangula,"Police Lagoon, Wanda Ngula, Wandagula",Minor,BIG RIVERS,42,7106602,-16.05477,136.34558,1,1,1,1,,,,,,,,,,,,,,,,,Y,,0,6,2025-08-06,SATELLITE_RESIDUAL,0,0,418.078,659.57,,,1,0,0,0,-1,0,0,0,0,1,0.0,325.552,648.971,1,1,1,0,0,0,0,0,0,0,0,0,1,1,1,4.199,Telstra,Telstra Exchange BORROLOOLA,Within 100 metres,0,,,,,,,,,0,Not recorded,Not recorded,0,,,,0,,664.9,4,2,1,accc=1;ntg2022=0;rrl5=1;bushtel=0,terrestrial_mobile,nodata,No health centre recorded on BushTel,nodata,works,works,0,0,
258,Robinson River,Mungoorbada,Major,BIG RIVERS,211,7106611,-16.759736,136.980569,1,1,1,1,Y,Y,Y,U,,N,Y,,,Y,Located at the Robinson River School,Y,Telstra Small Cell 4G Network connectivity is permanently available,Y,Telstra Coverage Map Telstra Outages,Y,Y,"By road, the trip to Robinson River takes approx 10 hours from Katherine. The double lane Stuart Highway is sealed the entire way. At Daly Waters, the Carpentaria Highway be followed to Borroloola. This is a single lane Highway. The remaining 150 km is dirt road. It is recommend to travel in a 4WD.",0,20,2026-05-26,SATELLITE_RESIDUAL,0,0,433.086,759.591,,,1,0,0,0,-1,0,0,0,0,1,0.0,382.652,751.186,1,1,1,0,0,0,0,0,0,0,0,0,1,1,1,0.452,Telstra,Broadcast/Telstra Site Lot 105 Robinson River Rd ROBINSON RIVER,Unknown,1,ROBINSON RIVER,COMMUNITY,0,1,0,TELSTRA,161,0.0,1,Y,www.telstra.com.au/coverage-networks/our-coverage,0,,,,0,,664.9,4,4,0,accc=1;ntg2022=1;rrl5=1;bushtel=1,terrestrial_mobile,degraded,Latency `664.9 ms` on satellite vs `100 ms` required,degraded,works,works,0,2,
264,Tara,Neutral Junction,Minor,BARKLY,60,7105509,-21.50658,133.99669,1,1,1,1,Y,Y,Y,N,,N,N,Y,"Serviced by Activ8me, for support ring 13 22 88",,,N,,N,Telstra Coverage Map Telstra Outages,N,Y,"The community is located about 220 km south of Tennant Creek. About 8km off the Stuart Highway and access is via an unsealed road to Neutral Junction Station, then 2km on to the community.",0,20,2025-08-06,SATELLITE_RESIDUAL,0,0,204.428,999.502,,,1,0,0,0,-1,0,0,0,0,1,0.0,102.755,998.178,1,1,1,0,0,1,0,0,0,0,0,0,1,1,1,0.148,Telstra,"20 m seesaw pole, behind 3 Kelye Court Tara",Within 10 metres,0,,,,,,,,,0,N,www.telstra.com.au/coverage-networks/our-coverage,0,,,,0,,664.9,4,2,1,accc=1;ntg2022=0;rrl5=1;bushtel=0,terrestrial_mobile,degraded,Latency `664.9 ms` on satellite vs `100 ms` required,degraded,works,works,0,2,
294,Belyuen,"Delisaville, Delissaville",Major,TOP END,175,7105702,-12.5386,130.6999,1,1,1,1,Y,Y,Y,N,,Y,Y,Y,"In the vicinity of the Council Office. Available 24hours, 7 days.",,,Y,,Y,Telstra Coverage Map Telstra Outages,Y,Y,The community is located on the eastern side of Cox Peninsula approx 128 km by road from Darwin. The road from Darwin to Belyuen is sealed.,0,17,2025-10-30,SATELLITE_RESIDUAL,0,0,15.609,9.338,,,1,0,0,0,-1,0,0,0,0,1,0.0,0.098,1.506,1,1,1,0,0,1,0,0,1,0,0,0,1,1,1,0.242,Telstra,"Telstra Site, 289 Plan 901078 Belyuen",Within 10 metres,1,BELYUEN,COMMUNITY,1,0,0,TELSTRA,150,0.0,1,Y,<p>www.telstra.com.au/coverage-networks/our-coverage</p>,0,,,,0,,664.9,4,4,0,accc=1;ntg2022=1;rrl5=1;bushtel=1,terrestrial_mobile,degraded,Latency `664.9 ms` on satellite vs `100 ms` required,degraded,works,works,0,2,
319,Gochan Jiny Jirra,"Cadell Gunardpa, Gochan Jiny-Jirra, Gochin Jiny Jard, Gochin Jiny Jirra, Gotjanjinjirra",Minor,TOP END,0,7106104,-12.19925,134.45751,1,1,1,1,,U,,,,,,,,,,,,,,,Y,,0,7,2025-08-06,SATELLITE_RESIDUAL,0,0,185.24,346.385,,,0,0,0,0,-1,0,0,0,0,0,12.63,124.207,330.19,0,0,1,0,0,0,0,0,0,0,0,0,0,0,1,23.407,Telstra,"9 m monopole, Western end of Ji-Marda Landing Ground WESTERN ARNHEM",Within 10 metres,0,,,,,,,,,0,Not recorded,Not recorded,0,,,,0,,664.9,4,0,0,accc=0;ntg2022=0;rrl5=0;bushtel=0,satellite,nodata,No health centre recorded on BushTel,nodata,works,fails,1,0,
329,Gunbalanya,"Kunbarllanjnja, Oenpelli",Major,TOP END,1354,7106101,-12.324,133.056,1,1,1,1,Y,Y,Y,Y,,Y,Y,Y,In the vicinity of the Youth Centre. 7am-9pm daily.,Y,Located at the Gunbalanya Youth Centre,Y,,Y,Telstra Coverage Map Telstra Outages,Y,Y,"By road, the community is approx 330 km from Darwin. The main road leading to Gunbalanya from Darwin to Cahills Crossing (East Alligator River) is sealed; and the road from Cahills Crossing to Gunbalanya is formed gravel. The later part of the road is impassable at times during wet season.",1,20,2026-07-03,SATELLITE_RESIDUAL,0,0,43.111,190.946,,,1,0,0,0,-1,0,1,0,0,1,0.0,1.439,174.633,1,1,1,0,0,1,0,0,0,0,0,0,1,1,1,0.082,Telstra,Telstra Radio Terminal OENPELLI,Within 100 metres,1,GUNBALANYA,COMMUNITY,1,0,0,TELSTRA,1008,0.0,1,Y,www.telstra.com.au/coverage-networks/our-coverage,1,Optic fibre,Arnhem Fibre Program,0.449,0,,664.9,4,4,0,accc=1;ntg2022=1;rrl5=1;bushtel=1,terrestrial_mobile,degraded,Latency `664.9 ms` on satellite vs `100 ms` required,degraded,works,works,0,2,Optic fibre
362,Maningrida,,Major,TOP END,2956,7106103,-12.050847,134.223625,1,1,1,1,Y,Y,Y,Y,,Y,Y,Y,In the vicinity of the Swimming Pool Lot 467. 7am-6pm Daily.,Y,Located at Maningrida School,Y,,Y,Telstra Coverage Map Telstra Outages,Y,Y,"Access to Maningrida via a sealed road to Cahills Crossing, and a dirt road for a further 250 km (4WD recommended but not essential). During the wet season access is limited, with the road often closed for extended periods. The drive takes approximately seven hours from Darwin.",1,19,2026-06-30,SATELLITE_RESIDUAL,0,0,166.247,323.739,,,1,0,0,0,-1,0,1,0,0,1,0.0,104.668,307.727,1,1,1,0,0,0,0,0,0,0,0,0,1,1,1,0.945,Telstra,Telstra Radio Terminal MANINGRIDA,Unknown,1,MANINGRIDA,COMMUNITY,1,0,0,TELSTRA,2297,0.001,1,Y,www.telstra.com.au/coverage-networks/our-coverage,1,Optic fibre,Arnhem Fibre Program,0.592,0,,664.9,4,4,0,accc=1;ntg2022=1;rrl5=1;bushtel=1,terrestrial_mobile,degraded,Latency `664.9 ms` on satellite vs `100 ms` required,degraded,works,works,0,2,Optic fibre
363,Manmoyi,Manmoi,Minor,TOP END,106,7106106,-12.54064,134.110013,1,1,1,1,,U,,,,,,,,,,,,Y,Telstra Coverage Map Telstra Outages,,Y,,0,8,2026-05-06,SATELLITE_RESIDUAL,0,0,140.332,304.387,,,0,0,0,0,-1,0,0,0,0,0,5.737,74.177,288.0,1,1,1,0,0,0,0,0,0,0,0,0,1,1,1,0.101,Telstra,"9 m pole, Manmoyi Community WEST ARNHEM",Within 10 metres,0,,,,,,,,,0,Not recorded,Not recorded,0,,,,0,,664.9,4,2,1,accc=0;ntg2022=0;rrl5=1;bushtel=1,satellite,nodata,No health centre recorded on BushTel,nodata,works,fails,1,0,
374,Milikapiti,Snake Bay,Major,TOP END,486,7106005,-11.421667,130.67418,1,1,1,1,Y,Y,Y,Y,Y,Y,Y,N,"In the vicinity of the Library, Lot 247. 8am-6pm daily (currently offline).",Y,Located at the Milikapiti School,Y,,Y,Telstra Coverage Map Telstra Outages,Y,N,No Mainland Access. Accessible via Aerodrome or Snake Bay Barge Landing,0,19,2026-07-03,SATELLITE_RESIDUAL,0,0,102.395,96.993,,,1,0,0,0,-1,0,0,0,0,1,0.0,43.394,91.335,1,1,1,1,1,1,0,0,0,0,0,0,1,1,1,0.909,Telstra,Telstra Site Milikapiti MELVILLE ISLAND,Unknown,1,MILIKAPITI,COMMUNITY,1,0,0,TELSTRA,390,0.0,1,Y,www.telstra.com.au/coverage-networks/our-coverage,1,Microwave radio,Telstra,0.24,0,,664.9,4,4,0,accc=1;ntg2022=1;rrl5=1;bushtel=1,terrestrial_mobile,degraded,Latency `664.9 ms` on satellite vs `100 ms` required,degraded,works,works,0,2,Microwave radio
375,Minjilang,Croker Island,Major,TOP END,311,7106102,-11.1507,132.5786,1,1,1,1,Y,Y,Y,Y,,Y,Y,,,Y,Located at Mamaruni School,Y,,Y,Telstra Coverage Map Telstra Outages,Y,N,Only Accessible by Air or Barge,0,17,2026-08-21,SATELLITE_RESIDUAL,0,0,165.953,203.021,,,1,0,0,0,-1,0,0,0,0,1,0.0,104.42,195.066,1,1,1,0,0,0,0,0,0,0,0,0,1,1,1,0.597,Telstra,Telstra Radio Terminal Minjilang CROKER ISLAND,Within 100 metres,1,MINJILANG,COMMUNITY,1,0,0,TELSTRA,234,0.0,1,N,www.telstra.com.au/coverage-networks/our-coverage,1,Microwave radio,MBSP,0.055,0,,664.9,4,4,0,accc=1;ntg2022=1;rrl5=1;bushtel=1,terrestrial_mobile,degraded,Latency `664.9 ms` on satellite vs `100 ms` required,degraded,works,works,0,2,Microwave radio
397,Nauiyu,"Daly River, Namiyu, Nauiyu Nambiyi, Nauiyu Nambiyu",Major,TOP END,411,7105801,-13.750542,130.688931,1,1,1,1,Y,Y,Y,Y,,Y,Y,Y,"Centrelink public WiFi, available in the vicinity of the council office.",Y,Located at St Francis Xavier Catholic School,Y,,Y,Telstra Coverage Map Telstra Outages,Y,Y,"It takes 2.5-3 hours to drive Nauiyu from Darwin. The entire road to the community is sealed, however during the wet season flooding of the Daly River can severely affect the community which can be cut off for several weeks.",1,20,2026-07-03,SATELLITE_RESIDUAL,0,0,136.479,95.634,,,1,0,0,0,-1,0,0,0,0,1,0.0,17.266,109.134,1,1,1,1,1,1,0,0,0,0,0,0,1,1,1,0.075,Telstra,BAI Comms Site Lot 103 NAUIYU,Within 10 metres,1,NAUIYU,COMMUNITY,1,0,0,TELSTRA,319,0.0,1,Y,www.telstra.com.au/coverage-networks/our-coverage,1,Optic fibre,Telstra,2.875,0,,664.9,4,4,0,accc=1;ntg2022=1;rrl5=1;bushtel=1,terrestrial_mobile,degraded,Latency `664.9 ms` on satellite vs `100 ms` required,degraded,works,works,0,2,Optic fibre
400,Wurrumiyanga,"Bathurst Island, Nguiu",Major,TOP END,1668,7106003,-11.758306,130.63747,1,1,1,1,Y,Y,Y,Y,,Y,Y,Y,In the vicinity of the Sports and Recreation Hall Lot 834. 8am-6pm daily,Y,Located at the Murrupurtiyanuwu Catholic Primary School,Y,,Y,Telstra Coverage Map Telstra Outages,Y,N,No Mainland Access. Accessible via Aerodrome or Bathurst Island Barge Landing,0,19,2026-07-03,SATELLITE_RESIDUAL,0,0,69.099,61.216,,,1,0,0,0,-1,0,0,0,0,1,0.0,6.504,61.307,1,1,1,1,1,1,0,0,0,0,0,0,1,1,1,0.209,Telstra,Telstra Site Ngiuiu BATHURST ISLAND,Unknown,1,WURRUMIYANGA,COMMUNITY,1,0,0,TELSTRA,1209,0.0,1,Y,www.telstra.com.au/coverage-networks/our-coverage,1,Microwave radio,Telstra,0.667,0,,664.9,4,4,0,accc=1;ntg2022=1;rrl5=1;bushtel=1,terrestrial_mobile,degraded,Latency `664.9 ms` on satellite vs `100 ms` required,degraded,works,works,0,2,Microwave radio
404,Nganmarriyanga,Palumpa,Major,TOP END,427,7105804,-14.351111,129.87889,1,1,1,1,Y,Y,Y,N,,Y,Y,Y,"In the vicinity of the Council Office. 8am-8pm Mon-Sat, not available Sun.",Y,Located at Nganmarriyanga School,Y,,Y,Telstra Coverage Map Telstra Outages,Y,Y,"By road the community is 375 km from Darwin on the Port Keats Road between the communities of Peppimenarti and Wadeye. The Palumpa access road is unsealed and approx 140 km from the Daly River Bridge. The community is cut off during the wet season for extended period. The road between Palumpa and Port Keats, though only 45km away, is also impassable during the wet season.",1,18,2025-04-19,SATELLITE_RESIDUAL,0,0,230.578,193.605,,,1,0,0,0,-1,0,0,0,0,1,0.0,123.065,206.281,1,1,1,0,0,0,0,0,0,0,0,0,1,1,1,0.338,Telstra,Telstra RBS Palumpa Community NGANMARRIYANGA,Within 10 metres,1,NGANMARRIYANGA,COMMUNITY,1,0,0,TELSTRA,328,0.0,1,Y,www.telstra.com.au/coverage-networks/our-coverage,1,Optic fibre,Project 13,0.254,0,,664.9,4,4,0,accc=1;ntg2022=1;rrl5=1;bushtel=1,terrestrial_mobile,degraded,Latency `664.9 ms` on satellite vs `100 ms` required,degraded,works,works,0,2,Optic fibre
410,Peppimenarti,,Major,TOP END,223,7105805,-14.1503,130.0763,1,1,1,1,Y,Y,Y,Y,,Y,Y,Y,"In the vicinity of the Council Office. 8am-8pm Mon-Sat, not available Sun.",Y,Located at the Peppimenarti School,Y,,Y,Telstra Coverage Map Telstra Outages,Y,Y,"The community located approx 320 km south east of Darwin, is accessible by road. It is 120 km west of the Daly River crossing, along the Port Keats road. The access road consists of both sealed (upto Daly River Crossing) and unsealed sections. During the wet season the unsealed section of the road becomes impassable and access often limited to plane.",1,19,2026-07-03,SATELLITE_RESIDUAL,0,0,201.359,163.316,,,1,0,0,0,-1,0,0,0,0,1,0.0,91.873,176.123,1,1,1,0,0,0,0,0,0,0,0,0,1,1,1,0.903,Telstra,Telstra RBS Site Lot 15 Peppimenarti Community PEPPEMENARTI,Within 10 metres,1,PEPPIMENARTI,COMMUNITY,1,0,0,TELSTRA,171,0.0,1,Y,www.telstra.com.au/coverage-networks/our-coverage,1,Optic fibre,Project 13,0.084,0,,664.9,4,4,0,accc=1;ntg2022=1;rrl5=1;bushtel=1,terrestrial_mobile,degraded,Latency `664.9 ms` on satellite vs `100 ms` required,degraded,works,works,0,2,Optic fibre
411,Pirlangimpi,"Garden Point, Pularumpi",Major,TOP END,372,7106004,-11.4059,130.4172,1,1,1,1,Y,Y,Y,Y,Y,Y,Y,Y,In the vicinity of the Library. 8am-6pm daily.,Y,Located at the Pularumpi School,Y,,Y,Telstra Coverage Map Telstra Outages,Y,N,No Mainland Access. Accessible via Aerodrome or Garden Point Barge Landing,0,19,2026-07-03,SATELLITE_RESIDUAL,0,0,114.162,104.19,,,1,0,0,0,-1,0,0,0,0,1,0.0,50.922,107.161,1,1,1,1,1,1,0,0,0,0,0,0,1,1,1,0.384,Telstra,Telstra Site Pularumpi MELVILLE ISLAND,Unknown,1,PIRLANGIMPI,COMMUNITY,1,0,0,TELSTRA,289,0.0,1,Y,www.telstra.com.au/coverage-networks/our-coverage,1,Microwave radio,Telstra,0.627,0,,664.9,4,4,0,accc=1;ntg2022=1;rrl5=1;bushtel=1,terrestrial_mobile,degraded,Latency `664.9 ms` on satellite vs `100 ms` required,degraded,works,works,0,2,Microwave radio
426,Wadeye,Port Keats,Major,TOP END,2259,7105901,-14.2404,129.5205,1,1,1,1,Y,Y,Y,Y,Y,Y,Y,Y,In the vicinity of the council offices. Mon - Sat 8am - 8pm; Sun Off,Y,Located at OLSH Thamarrurr Catholic College,Y,,Y,Telstra Coverage Map Telstra Outages,Y,Y,"By road, Wadeye is located approximately 420 km south west of Darwin. It is accessed along the Daly River Road which is not sealed from the Daly River crossing and can only be accessed during the Dry Season (May to October).",1,21,2026-07-03,SATELLITE_RESIDUAL,0,0,240.882,209.916,,,1,0,0,0,-1,0,1,0,0,1,0.0,139.408,219.627,1,1,1,0,0,0,0,0,0,0,0,0,1,1,1,0.064,Telstra,74 Perdjert Street WADEYE,Unknown,1,WADEYE,COMMUNITY,1,0,0,TELSTRA,1650,0.0,1,Y,www.telstra.com.au/coverage-networks/our-coverage,1,Optic fibre,Project 13,0.07,0,,664.9,4,4,0,accc=1;ntg2022=1;rrl5=1;bushtel=1,terrestrial_mobile,degraded,Latency `664.9 ms` on satellite vs `100 ms` required,degraded,works,works,0,2,Optic fibre
429,Warruwi,Goulburn Island,Major,TOP END,507,7106108,-11.64896,133.38935,1,1,1,1,Y,Y,Y,Y,,Y,Y,Y,In the vicinity of the Council Office. 8am-8pm daily.,Y,Located at Warruwi School.,Y,,Y,Telstra Coverage Map Telstra Outages,Y,N,,0,17,2026-06-26,SATELLITE_RESIDUAL,0,0,125.022,249.556,,,1,0,0,0,-1,0,0,0,0,1,0.0,62.445,235.824,1,1,1,0,0,0,0,0,0,0,0,0,1,1,1,0.504,Telstra,Telstra Radio Terminal Warruwi GOULBURN ISLAND,Within 100 metres,1,WARRUWI,COMMUNITY,1,0,0,TELSTRA,391,0.0,1,Y,www.telstra.com.au/coverage-networks/our-coverage,1,Microwave radio,Arnhem Fibre Program,0.128,0,,664.9,4,4,0,accc=1;ntg2022=1;rrl5=1;bushtel=1,terrestrial_mobile,degraded,Latency `664.9 ms` on satellite vs `100 ms` required,degraded,works,works,0,2,Microwave radio
434,Woodycupaldiya,"Woode Cupildiya, Woodicupildya, Woodykapildiya, Woodykupuldiya, Wudikapildiyeer",Minor,TOP END,36,7105806,-13.85926,130.00115,1,1,1,1,Y,,,,,,,,,,,,,,,,Y,,0,7,2025-08-06,SATELLITE_RESIDUAL,0,0,176.992,143.344,,,0,0,0,0,-1,0,0,0,0,0,15.589,71.802,153.178,1,1,1,0,0,0,0,0,0,0,0,0,1,1,1,0.038,Telstra,"9 m pole, Woodycupaldiya Community NEMARLUK",Within 10 metres,0,,,,,,,,,0,Not recorded,Not recorded,0,,,,0,,664.9,4,1,1,accc=0;ntg2022=0;rrl5=1;bushtel=0,satellite,fails,Latency `664.9 ms` on satellite vs `100 ms` required; no carrier 4G polygon,nodata,works,fails,2,0,
451,Angurugu,,Major,EAST ARNHEM,1037,7106205,-13.982236,136.460569,1,1,1,1,Y,Y,Y,Y,Y,Y,Y,Y,In the vicinity of the Library (Lot 348). 7am-5pm daily. Free WiFi is on the way for Angurugu: Free community Wi-Fi on the way - Angurugu,Y,Located at the Angurugu Trade Training Centre and Angurugu School,Y,,Y,Telstra Coverage Map Telstra Outages,Y,N,,0,18,2026-09-15,SATELLITE_RESIDUAL,0,0,191.977,579.645,,,1,0,0,0,-1,0,0,0,0,1,0.0,144.912,567.88,1,1,1,0,0,0,0,0,0,0,0,0,1,1,1,0.072,Telstra,"Groote Eylandt Language Centre, Townsite of Angurugu Angurugu",Within 10 metres,1,ANGURUGU,COMMUNITY,1,0,0,TELSTRA,883,0.0,1,Y,www.telstra.com.au/coverage-networks/our-coverage,1,Optic fibre,Telstra,0.218,0,,664.9,4,4,0,accc=1;ntg2022=1;rrl5=1;bushtel=1,terrestrial_mobile,degraded,Latency `664.9 ms` on satellite vs `100 ms` required,degraded,works,works,0,2,Optic fibre
458,Baniyala,"Banyala, Yilpara",Minor,EAST ARNHEM,138,7106313,-13.2004,136.2261,1,1,1,1,Y,Y,Y,,,,,,,Y,Located at the Baniyala Garrangali School,,,,,,Y,,0,10,2025-08-06,SATELLITE_RESIDUAL,0,0,122.909,540.189,,,0,0,0,0,-1,0,0,0,0,0,16.367,75.599,526.014,1,1,1,0,0,0,0,0,0,0,0,0,1,1,1,0.17,Telstra,"19 m Mast, Baniyala Community EAST ARNHEM",Within 10 metres,0,,,,,,,,,0,Not recorded,Not recorded,0,,,,0,,664.9,4,1,1,accc=0;ntg2022=0;rrl5=1;bushtel=0,satellite,fails,Latency `664.9 ms` on satellite vs `100 ms` required; no carrier 4G polygon,degraded,works,fails,2,1,
464,Birany Birany,Biranybirany,Minor,EAST ARNHEM,40,7106304,-12.81703,136.47669,1,1,1,1,,U,,,,,,,,,,,,,,,Y,,0,8,2025-08-06,SATELLITE_RESIDUAL,0,0,72.857,565.529,,,0,0,0,0,-1,0,0,0,0,0,26.475,26.618,550.686,1,1,1,0,0,0,0,0,0,0,0,0,1,1,1,0.092,Telstra,"9 m seesaw monopole, Birany Birany Community EAST ARNHEM",Within 10 metres,0,,,,,,,,,0,Not recorded,Not recorded,0,,,,0,,664.9,4,1,1,accc=0;ntg2022=0;rrl5=1;bushtel=0,satellite,nodata,No health centre recorded on BushTel,nodata,works,fails,1,0,
469,Rorruwuy,"Burrawuy, Rhodes Point",Minor,EAST ARNHEM,40,7106306,-12.20292,136.29564,1,1,1,1,,U,,,,,,,,,,,,Y,Telstra Coverage Map Telstra Outages,,Y,,0,9,2026-05-06,SATELLITE_RESIDUAL,0,0,51.734,548.562,,,0,0,0,0,-1,0,0,0,0,0,3.721,0.962,532.694,1,1,1,0,0,0,0,0,0,0,0,0,1,1,1,0.055,Telstra,"9 m seesaw monopole, Rorruwuy Community WEST ARNHEM",Within 10 metres,0,,,,,,,,,0,Not recorded,Not recorded,0,,,,0,,664.9,4,2,1,accc=0;ntg2022=0;rrl5=1;bushtel=1,satellite,nodata,No health centre recorded on BushTel,nodata,works,fails,1,0,
473,Dhalinybuy,Dhalingboy,Minor,EAST ARNHEM,92,7106315,-12.4125,136.3878,1,1,1,1,Y,U,,,,,,,,,,,,,,,Y,,0,8,2025-08-06,SATELLITE_RESIDUAL,0,0,47.775,556.805,,,0,0,0,0,-1,0,0,0,0,0,7.615,2.763,541.224,0,0,1,0,0,0,0,0,0,0,0,0,0,0,1,25.396,Telstra,"9 m seesaw monopole, Rorruwuy Community WEST ARNHEM",Within 10 metres,0,,,,,,,,,0,Not recorded,Not recorded,0,,,,0,,664.9,4,0,0,accc=0;ntg2022=0;rrl5=0;bushtel=0,satellite,fails,Latency `664.9 ms` on satellite vs `100 ms` required; no carrier 4G polygon,nodata,works,fails,2,0,
492,Galiwinku,"Elcho Island, Galiwin'ku",Major,EAST ARNHEM,2582,7106307,-12.0235,135.5664,1,1,1,1,Y,Y,Y,Y,Y,Y,Y,Y,"In the vicinity of the Lot 120, Yawunymirringura St.",Y,Located at Shepherdson College,Y,Ongoing issues with Telstra services. Island can lose telephone/internet provision for days at a time.,Y,Telstra Coverage Map Telstra Outages,Y,N,,0,19,2026-09-10,SATELLITE_RESIDUAL,0,0,133.892,470.897,,,1,0,0,0,-1,0,1,0,0,1,0.0,70.1,454.813,1,1,1,0,0,0,0,0,0,0,0,0,1,1,1,0.175,Telstra,Telstra Radio Terminal South Elcho Island Galiwinku ELCHO ISLAND,Within 100 metres,1,GALIWINKU,COMMUNITY,1,0,0,TELSTRA,2027,0.0,1,Y,www.telstra.com.au/coverage-networks/our-coverage,1,Microwave radio,Arnhem Fibre Program,0.071,0,,664.9,4,4,0,accc=1;ntg2022=1;rrl5=1;bushtel=1,terrestrial_mobile,degraded,Latency `664.9 ms` on satellite vs `100 ms` required,degraded,works,works,0,2,Microwave radio
498,Gan Gan,Gangan,Minor,EAST ARNHEM,87,7106314,-13.04605,135.94354,1,1,1,1,Y,U,,,,,,,,,,,,,,,Y,,0,8,2025-08-06,SATELLITE_RESIDUAL,0,0,129.339,507.81,,,0,0,0,0,-1,0,0,0,0,0,34.835,69.452,493.088,0,0,1,0,0,0,0,0,0,0,0,0,0,0,1,35.165,Telstra,"19 m Mast, Baniyala Community EAST ARNHEM",Within 10 metres,0,,,,,,,,,0,Not recorded,Not recorded,0,,,,0,,664.9,4,0,0,accc=0;ntg2022=0;rrl5=0;bushtel=0,satellite,fails,Latency `664.9 ms` on satellite vs `100 ms` required; no carrier 4G polygon,nodata,works,fails,2,0,
500,Gapuwiyak,Lake Evella,Major,EAST ARNHEM,828,7106303,-12.50322,135.80587,1,1,1,1,Y,Y,Y,Y,,Y,Y,Y,"In the vicinity of the Creche, 13 Banbinamirri St. School Terms Monday to Friday: 2pm-7pm. Weekends 7am-5pm. School Holidays 7am-5pm Daily.",,,Y,,Y,Telstra Coverage Map Telstra Outages,Y,Y,"Road access to Gapuwiyak, 4wd only, is via a turn-off from the Central Arnhem road about 200 km from Nhulunbuy. Travel time from Nhulunbuy is approximately 2.5 hours depending on road/weather conditions.",0,17,2026-09-10,SATELLITE_RESIDUAL,0,0,111.218,491.954,,,1,0,0,0,-1,0,0,0,0,1,0.0,42.975,476.258,1,1,1,0,0,0,0,0,0,0,0,0,1,1,1,0.198,Telstra,Telstra Radio Terminal GAPUWIYAK,Unknown,1,GAPUWIYAK,COMMUNITY,1,0,0,TELSTRA,645,0.0,1,Y,www.telstra.com.au/coverage-networks/our-coverage,1,Optic fibre,Arnhem Fibre Program,0.341,0,,664.9,4,4,0,accc=1;ntg2022=1;rrl5=1;bushtel=1,terrestrial_mobile,degraded,Latency `664.9 ms` on satellite vs `100 ms` required,degraded,works,works,0,2,Optic fibre
514,Gunyangara,"Drimmie Head, Marngarr, Ski Beach",Minor,EAST ARNHEM,283,7106311,-12.215417,136.70569,1,1,1,1,Y,Y,Y,N,,Y,Y,Y,,,,Y,,Y,Telstra Coverage Map Telstra Outages,Y,Y,"By road, the community is 13 km west of Nhulunbuy township. From Nhulunbuy CBD the community is accessible via Melville Bay Road, 8 km of sealed road, approximate travel time 10 mins.",0,17,2026-09-10,SATELLITE_RESIDUAL,0,0,6.777,593.652,,,1,1,0,1,-1,0,0,0,0,3,0.0,0.0,577.904,1,1,1,0,1,1,0,1,1,0,0,0,1,1,1,3.075,Telstra,Nabalco Processing Plant Melville Bay Rd GOVE PENINSULA,Within 10 metres,1,GUNYANGARA,COMMUNITY,0,0,1,OPTUS/TELSTRA,209,0.0,1,Y,www.telstra.com.au/coverage-networks/our-coverage,0,,,,0,,664.9,4,4,0,accc=1;ntg2022=1;rrl5=1;bushtel=1,terrestrial_mobile,degraded,Latency `664.9 ms` on satellite vs `100 ms` required,degraded,works,works,0,2,
517,Gurrumuru,Gurrumurru,Minor,EAST ARNHEM,34,7106304,-12.592236,136.231681,1,1,1,1,Y,U,,,,,,,,,,,,,,,Y,,0,9,2025-08-06,SATELLITE_RESIDUAL,0,0,72.874,538.642,,,0,0,0,0,-1,0,0,0,0,0,12.584,12.341,523.272,0,0,1,0,0,0,0,0,0,0,0,0,0,0,1,36.46,Telstra,"9 m seesaw monopole, Birany Birany Community EAST ARNHEM",Within 10 metres,0,,,,,,,,,0,Not recorded,Not recorded,0,,,,0,,664.9,4,0,0,accc=0;ntg2022=0;rrl5=0;bushtel=0,satellite,fails,Latency `664.9 ms` on satellite vs `100 ms` required; no carrier 4G polygon,nodata,works,fails,2,0,
524,Mapuru,"Maparu, Mapura, Marparu",Minor,EAST ARNHEM,97,7106310,-12.25318,135.43779,1,1,1,1,,Y,,,,,,,,,,,,,,,Y,,0,8,2025-08-06,SATELLITE_RESIDUAL,0,0,146.972,453.422,,,0,0,0,0,-1,0,0,0,0,0,0.777,82.208,437.383,1,1,1,0,0,0,0,0,0,0,0,0,1,1,1,0.068,Telstra,"9 m Ingal seesaw monopole, Mapuru Community EAST ARNHEM",Within 10 metres,0,,,,,,,,,0,Not recorded,Not recorded,0,,,,0,,664.9,4,1,1,accc=0;ntg2022=0;rrl5=1;bushtel=0,satellite,nodata,No health centre recorded on BushTel,degraded,works,fails,1,1,
531,Milingimbi,,Major,EAST ARNHEM,1288,7106305,-12.1036,134.9201,1,1,1,1,Y,Y,Y,Y,Y,Y,Y,N,There is free wifi at the Rulku Lodge for guests. Milingimbi is included in the Federal and Northern Territory Government funding package for the roll out of free Wifi in remote NT communities . Telstra has 3G and 4G coverage on the island.,Y,Located at the Milingimbi Cyclone Shelter,Y,,Y,Telstra Coverage Map Telstra Outages,Y,N,,0,18,2026-09-15,SATELLITE_RESIDUAL,0,0,204.536,398.688,,,1,0,0,0,-1,0,0,0,0,1,0.0,141.69,382.567,1,1,1,0,0,0,0,0,0,0,0,0,1,1,1,2.303,Telstra,Telstra Radio Terminal 2 km SW of Milingimbi Mission MILINGIMBI,Unknown,1,MILINGIMBI,COMMUNITY,1,0,0,TELSTRA,1025,0.0,1,Y,www.telstra.com.au/coverage-networks/our-coverage,1,Microwave radio,Arnhem Fibre Program,0.448,0,,664.9,4,4,0,accc=1;ntg2022=1;rrl5=1;bushtel=1,terrestrial_mobile,degraded,Latency `664.9 ms` on satellite vs `100 ms` required,degraded,works,works,0,2,Microwave radio
532,Milyakburra,Bickerton Island,Major,EAST ARNHEM,124,7106201,-13.78389,136.19583,1,1,1,1,Y,Y,Y,N,,Y,Y,,,Y,Located at the Milyakburra Community Centre Cyclone Shelter,N,,Y,Telstra Coverage Map Telstra Outages,Y,N,,0,16,2026-08-27,SATELLITE_RESIDUAL,0,0,180.475,546.589,,,1,0,0,0,-1,0,0,0,0,1,0.0,132.348,533.982,1,1,1,0,0,0,0,0,0,0,0,0,1,1,1,0.157,Telstra,Telstra Site Business Centre Lot 7 MilyakBurra,Within 10 metres,0,,,,,,,,,0,N,www.telstra.com.au/coverage-networks/our-coverage,0,,,,0,,664.9,4,3,1,accc=1;ntg2022=0;rrl5=1;bushtel=1,terrestrial_mobile,degraded,Latency `664.9 ms` on satellite vs `100 ms` required,degraded,works,works,0,2,
542,Ngangalala,"Nangala, Nangalala",Minor,EAST ARNHEM,70,7106301,-12.298347,134.992236,1,1,1,1,,,,,,,,,,Y,Located at the Nganambala School,,,,,,Y,,0,7,2025-08-06,SATELLITE_RESIDUAL,0,0,196.527,403.805,,,1,0,0,0,-1,0,0,0,0,1,0.0,130.883,387.673,0,1,1,0,0,0,0,0,0,0,0,0,0,1,1,7.883,Telstra,Telstra Radio Terminal RAMINGINING,Unknown,1,NGANGALALA,COMMUNITY,0,0,1,TELSTRA,55,0.046,0,Not recorded,Not recorded,0,,,,0,,664.9,4,2,1,accc=1;ntg2022=1;rrl5=0;bushtel=0,satellite,nodata,No health centre recorded on BushTel,nodata,works,works,0,0,
549,Numbulwar,Rose River,Major,BIG RIVERS,799,7106604,-14.2791,135.7406,1,1,1,1,Y,Y,Y,Y,,Y,Y,Y,In the vicinity of the Council Office. 8am-5pm daily.,Y,Located at the Numbulwar School,Y,,Y,Telstra Coverage Map Telstra Outages,Y,Y,Numbulwar is approx 438 km East of Katherine. The community is accessible by road mostly during the dry season only from Katherine via the Roper River and Ngukurr communities. Travelling is difficult due to significant dirt sections with corrugations and water crossings. Roads may only be open for 4-5 months every year and then in varying conditions.,1,20,2026-06-26,SATELLITE_RESIDUAL,0,0,251.201,513.315,,,1,0,0,0,-1,0,0,0,0,1,0.0,204.547,501.932,1,1,1,0,0,0,0,0,0,0,0,0,1,1,1,0.044,Telstra,Telstra Radio Terminal NUMBULWAR,Unknown,1,NUMBULWAR,COMMUNITY,1,0,0,TELSTRA,675,0.0,1,Y,www.telstra.com.au/coverage-networks/our-coverage,1,Optic fibre,Project 13,0.237,0,,664.9,4,4,0,accc=1;ntg2022=1;rrl5=1;bushtel=1,terrestrial_mobile,degraded,Latency `664.9 ms` on satellite vs `100 ms` required,degraded,works,works,0,2,Optic fibre
550,Ramingining,,Major,EAST ARNHEM,956,7106309,-12.32779,134.93001,1,1,1,1,Y,Y,Y,Y,Y,Y,Y,Y,"In the vicinity of the Library, 21 Warrk Rd. Available 7am-5pm daily.",Y,Located at the Ramingining School,Y,,Y,Telstra Coverage Map Telstra Outages,Y,Y,"The community is 435 km west of Nhulunbuy by road. It is accessible by road (4wd) however, all roads to the community are closed during the wet season. Travel time by road to Darwin and Nhulunbuy is 8 hours. Travel time from Nhulunbuy is approximately 6-8 hours depending on road/weather conditions.",1,20,2026-09-10,SATELLITE_RESIDUAL,0,0,203.6,396.619,,,1,0,0,0,-1,0,1,0,0,1,0.0,137.629,380.477,1,1,1,0,0,0,0,0,0,0,0,0,1,1,1,0.391,Telstra,Telstra Radio Terminal RAMINGINING,Unknown,1,RAMINGINING,COMMUNITY,1,0,0,TELSTRA,742,0.0,1,Y,www.telstra.com.au/coverage-networks/our-coverage,1,Optic fibre,Arnhem Fibre Program,0.023,0,,664.9,4,4,0,accc=1;ntg2022=1;rrl5=1;bushtel=1,terrestrial_mobile,degraded,Latency `664.9 ms` on satellite vs `100 ms` required,degraded,works,works,0,2,Optic fibre
555,Umbakumba,,Major,EAST ARNHEM,492,7106203,-13.859736,136.811125,1,1,1,1,Y,Y,Y,N,Y,Y,Y,Y,"In the vicinity of the Library, 12 Mamarika Rd. 7am-5pm daily.",Y,Located at the Alyarrmandumanja Umbakumba School,Y,,Y,Telstra Coverage Map Telstra Outages,N,N,,0,18,2026-08-25,SATELLITE_RESIDUAL,0,0,173.731,614.248,,,1,0,0,0,-1,0,0,0,0,1,0.0,129.947,602.408,1,1,1,0,0,0,0,0,0,0,0,0,1,1,1,0.334,Telstra,Telstra Hut Umbakumba GROOTE EYLANDT,Unknown,1,UMBAKUMBA,COMMUNITY,1,0,0,TELSTRA,441,0.001,1,Y,www.telstra.com.au/coverage-networks/our-coverage,1,Optic fibre,Telstra/NTG Program,0.032,0,,664.9,4,4,0,accc=1;ntg2022=1;rrl5=1;bushtel=1,terrestrial_mobile,degraded,Latency `664.9 ms` on satellite vs `100 ms` required,degraded,works,works,0,2,Optic fibre
571,Yathalamarra,"Yathalamara, Yathalmarra",Minor,EAST ARNHEM,67,7106301,-12.274458,134.921958,1,1,1,1,,,,,,,,,,,,,,,,,Y,,0,6,2025-08-06,SATELLITE_RESIDUAL,0,0,204.189,396.35,,,1,0,0,0,-1,0,0,0,0,1,0.0,138.847,380.2,0,1,1,0,0,0,0,0,0,0,0,0,0,1,1,6.0,Telstra,Telstra Radio Terminal RAMINGINING,Unknown,1,YATHALAMARRA,COMMUNITY,0,0,1,TELSTRA,59,0.051,0,Not recorded,Not recorded,0,,,,0,,664.9,4,2,1,accc=1;ntg2022=1;rrl5=0;bushtel=0,satellite,nodata,No health centre recorded on BushTel,nodata,works,works,0,0,
576,Yirrkala,,Major,EAST ARNHEM,771,7106308,-12.252792,136.891681,1,1,1,1,Y,Y,Y,N,,Y,Y,Y,,Y,"Located at Laynhapuy Homelands School, Yirrkala School and Mäpuru Yirralka College",Y,,Y,Telstra Coverage Map Telstra Outages,N,Y,Yirrkala is 15 km southeast of Nhulunbuy by road. From Nhulunbuy CBD the community is accessible via the Central Arnhem Road. Travel time is approximately 15 mins.,0,18,2026-09-10,FIXED_LINE,1,0,0.0,613.795,polygon_id=8NLN-20,,1,1,0,1,-1,0,0,0,0,3,0.0,0.0,598.154,1,1,1,0,1,1,0,0,1,0,0,0,1,1,1,0.491,Telstra,Telstra Repeater Site YIRRKALA,Unknown,1,YIRRKALA,COMMUNITY,1,0,0,TELSTRA,524,0.0,1,Y,www.telstra.com.au/coverage-networks/our-coverage,1,Optic fibre,Arnhem Fibre Program,0.078,0,,<100 (TBD),4,4,0,accc=1;ntg2022=1;rrl5=1;bushtel=1,fixed_line,works,Fixed line footprint contains the community; latency is under the `100 ms` requirement on fixed access,works,works,works,0,0,Optic fibre
580,Barunga,Bamyili,Major,BIG RIVERS,396,7106501,-14.523625,132.866681,1,1,1,1,Y,Y,Y,N,Y,Y,Y,N,"In the vicinity of the Library, Barunga School (Lot 327). Available 7am-8pm Daily.",,,Y,,Y,Telstra Coverage Map Telstra Outages,Y,Y,The community is located 80 km south east of Katherine by road. It's approx an hour's drive. The single lane Central Arnhem Highway is sealed to the gateway of Barunga. Only during severe flooding which occurs only sporadically does the road become inaccessible.,1,20,2025-08-15,SATELLITE_RESIDUAL,0,0,50.293,263.467,,,1,0,0,0,-1,0,1,0,0,1,0.0,3.262,242.146,1,1,1,0,0,0,0,0,0,0,0,0,1,1,1,0.449,Telstra,Telstra Barunga CMTS Central Arnhem Rd NE of BARUNGA,Within 10 metres,1,BARUNGA,COMMUNITY,1,0,0,TELSTRA,337,0.001,1,Y,www.telstra.com.au/coverage-networks/our-coverage,1,Optic fibre,Telstra,0.054,0,,664.9,4,4,0,accc=1;ntg2022=1;rrl5=1;bushtel=1,terrestrial_mobile,degraded,Latency `664.9 ms` on satellite vs `100 ms` required,degraded,works,works,0,2,Optic fibre
581,Wugularr,Beswick,Major,BIG RIVERS,636,7106502,-14.5548,133.1142,1,1,1,1,Y,Y,Y,N,,Y,Y,Y,In the vicinity of the Council Office. Monday-Friday: 8am-4.30pm. Not available on weekends.,,,Y,,Y,Telstra Coverage Map Telstra Outages,N,Y,"By road, the community is located approximately 118 km south east of Katherine and 31 km east of Barunga. It's around 1.5 hours' drive from Katherine. The Central Arnhem Highway is sealed to the Wugularr Rubbish Dump, approximately 6km past Wugularr. Only during severe flooding which occurs only sporadically does the road become inaccessible.",1,18,2026-02-10,SATELLITE_RESIDUAL,0,0,77.407,283.82,,,1,0,0,0,-1,0,1,0,0,1,0.0,23.444,263.375,1,1,1,0,0,0,0,0,0,0,0,0,1,1,1,0.239,Telstra,Telstra Beswick CMTS Myilly St BESWICK,Within 10 metres,1,BESWICK,COMMUNITY,1,0,0,TELSTRA,542,0.0,1,Y,www.telstra.com.au/coverage-networks/our-coverage,1,Optic fibre,Telstra,0.031,0,,664.9,4,4,0,accc=1;ntg2022=1;rrl5=1;bushtel=1,terrestrial_mobile,degraded,Latency `664.9 ms` on satellite vs `100 ms` required,degraded,works,works,0,2,Optic fibre
582,Binjari,"Binjarri, Wylunba",Minor,BIG RIVERS,282,7106714,-14.5502,132.1815,1,1,1,1,Y,N,Y,N,,N,Y,,,,,Y,,Y,Telstra Coverage Map Telstra Outages,N,Y,The community is located approx 16 km southwest from Katherine off of the Victoria Highway.,0,16,2025-03-25,SATELLITE_RESIDUAL,0,0,9.119,216.909,,,1,1,0,1,-1,0,1,1,0,3,0.0,0.0,203.039,1,1,1,1,1,1,1,1,1,0,0,0,1,1,1,4.031,Optus,Telstra RBS Lot 3112 Ivanoff Rd COSSACK,Within 10 metres,1,BINJARI,COMMUNITY,0,0,1,OPTUS/TELSTRA,240,0.0,1,Y,www.telstra.com.au/coverage-networks/our-coverage,0,,,,0,,664.9,4,4,0,accc=1;ntg2022=1;rrl5=1;bushtel=1,terrestrial_mobile,degraded,Latency `664.9 ms` on satellite vs `100 ms` required,nodata,works,works,0,1,
586,Bulla,"Gudabijin, Gurrbijim",Minor,BIG RIVERS,77,7106810,-15.764915,130.039364,1,1,1,1,Y,Y,Y,N,,N,Y,,,Y,Located at the Bulla Camp School,Y,,Y,Telstra Coverage Map Telstra Outages,Y,Y,"The community is situated on the Victoria Highway 340 km west of Katherine. The nearest small town is Timber Creek, a distance of 60 km east of Bulla Camp along the Victoria Highway.",0,20,2025-08-06,SATELLITE_RESIDUAL,0,0,276.641,327.232,,,1,0,0,0,-1,0,0,0,0,1,0.0,81.894,344.066,1,1,1,0,0,0,0,0,0,0,0,0,1,1,1,0.258,Telstra,"30m Mast, behind 44 Goorbidigum Rd Baines",Within 10 metres,1,BULLA,COMMUNITY,1,0,0,TELSTRA,73,0.04,0,N,www.telstra.com.au/coverage-networks/our-coverage,0,,,,0,,664.9,4,4,0,accc=1;ntg2022=1;rrl5=1;bushtel=1,terrestrial_mobile,degraded,Latency `664.9 ms` on satellite vs `100 ms` required,degraded,works,works,0,2,
587,Bulman,"Gulin Gulin, Yulngu",Major,BIG RIVERS,190,70205106509,-13.665292,134.333347,1,1,1,1,Y,Y,Y,U,,Y,Y,Y,In the vicinity of the Council Office. 8am-5pm daily.,,,Y,,Y,Telstra Coverage Map Telstra Outages,Y,Y,"By road, the trip to Bulman takes approx four hours from Katherine. The Central Arnhem Highway is sealed to Wugularr Rubbish Dump (124km). The remaining 188 km is dirt road. The road becomes impassable at times during the wet season at Mainoru River and Flying Fox Creek.",1,17,2026-06-29,SATELLITE_RESIDUAL,0,0,196.192,345.974,,,1,0,0,0,-1,0,0,0,0,1,0.0,138.36,331.78,1,1,1,0,0,0,0,0,0,0,0,0,1,1,1,1.107,Telstra,Telstra Site Sewerage Ponds Access 1km SE of Bulman,Within 10 metres,1,BULMAN,COMMUNITY,1,0,0,TELSTRA,160,0.0,1,Y,www.telstra.com.au/coverage-networks/our-coverage,1,Optic fibre,Telstra/NTG Program,0.05,0,,664.9,4,4,0,accc=1;ntg2022=1;rrl5=1;bushtel=1,terrestrial_mobile,degraded,Latency `664.9 ms` on satellite vs `100 ms` required,degraded,works,works,0,2,Optic fibre
591,Daguragu,"Dagaragu, Wattie Creek",Major,BIG RIVERS,230,7106805,-17.40059,130.80491,1,1,1,1,N,N,N,N,,N,Y,Y,In the Sport and Rec Building. 6pm-10pm Daily.,,,Y,,Y,Telstra Coverage Map Telstra Outages,Y,Y,"Access to Daguragu from Katherine is via the Victoria and Buntine highways. The road is sealed between the Victoria Highway turnoff and Kalkarindji, with the section between Kalkarindji and the Western Australia border unsealed. Depending on weather and road conditions, it is about a five to six hours drive. Kalkarindji and Daguragu are about 8kms apart and connected by Daguragu Road, which is sealed. The Wattie Creek causeway can close for periods during the wet season, restricting access between Kalkarindji and Daguragu.",1,17,2025-08-15,SATELLITE_RESIDUAL,0,0,355.197,494.204,,,1,0,0,0,-1,0,0,0,0,1,0.0,95.869,504.019,0,1,1,0,0,0,0,0,0,0,0,0,0,1,1,5.266,Telstra,Telstra Radio Terminal KALKARINGI,Unknown,1,DAGURAGU,COMMUNITY,0,0,1,TELSTRA,195,0.0,1,Y,www.telstra.com.au/coverage-networks/our-coverage,1,Optic fibre,Telstra,0.124,0,,664.9,4,3,1,accc=1;ntg2022=1;rrl5=0;bushtel=1,satellite,nodata,No health centre recorded on BushTel,nodata,works,works,0,0,Optic fibre
593,Jilkminggan,"Djembere, Djilkminggan, Duck Creek, Jilkminggal",Minor,BIG RIVERS,309,7106507,-14.953055,133.3,1,1,1,1,Y,Y,Y,N,,Y,Y,,,,,Y,,Y,Telstra Coverage Map Telstra Outages,N,Y,"By road, the trip to Jilkminggan takes approx 1.5 hours from Katherine. The double lane Stuart Highway is sealed in its entirety as is the single lane Roper Highway that links Jilkminggan to the Stuart Highway approx 10 km south of Mataranka.",0,16,2026-02-10,SATELLITE_RESIDUAL,0,0,108.342,329.801,,,1,0,0,0,-1,0,0,0,0,1,0.0,1.618,309.704,1,1,1,0,1,1,0,0,0,0,0,0,1,1,1,0.024,Telstra,"Telstra Exchange Jilkminggan Jilkminggan, Roper Gulf",Within 10 metres,1,JILKMINGGAN,COMMUNITY,0,1,0,TELSTRA,254,0.001,1,Y,www.telstra.com.au/coverage-networks/our-coverage,0,,,,1,Telstra,664.9,4,4,0,accc=1;ntg2022=1;rrl5=1;bushtel=1,terrestrial_mobile,degraded,Latency `664.9 ms` on satellite vs `100 ms` required,degraded,works,works,0,2,
595,Manyallaluk,Eva Valley,Minor,BIG RIVERS,121,7106505,-14.26649,132.82797,1,1,1,1,Y,Y,N,N,,Y,Y,,,,,Y,,Y,Telstra Coverage Map Telstra Outages,Y,Y,"By road, it takes just over an hour to drive from Katherine to Manyallaluk. Heading south turn onto the Central Arnhem Highway (sign posted as Barunga/Beswick/Nhulunbuy) and drive to the Manyallaluk turn off, approximately 16km. Travel for 37 km on dirt road to Manyallaluk community. During wet season the dirt road can be closed for a few days due to flooding.",1,17,2025-04-19,SATELLITE_RESIDUAL,0,0,52.505,239.461,,,1,0,0,0,-1,0,0,0,0,1,0.0,10.797,218.28,1,1,1,0,0,0,0,0,0,0,0,0,1,1,1,1.716,Telstra,Telstra Radio Terminal 28 km N of Tandangle EVA VALLEY,Within 10 metres,1,MANYALLALUK,COMMUNITY,1,0,0,TELSTRA,97,0.0,1,Y,www.telstra.com.au/coverage-networks/our-coverage,1,Microwave radio,Telstra/NTG Program,0.055,0,,664.9,4,4,0,accc=1;ntg2022=1;rrl5=1;bushtel=1,terrestrial_mobile,degraded,Latency `664.9 ms` on satellite vs `100 ms` required,degraded,works,works,0,2,Microwave radio
600,Hodgson River Station,Station Homestead,Minor,BIG RIVERS,0,7106508,-15.574946,134.09553,1,1,1,1,,,,,,,,,,,,,,,,,Y,,0,3,2025-04-19,SATELLITE_RESIDUAL,0,0,216.745,438.253,,,0,0,0,0,-1,0,0,0,0,0,28.197,90.452,420.485,0,0,1,0,0,0,0,0,0,0,0,0,0,0,1,39.427,Telstra,Telstra Site 4 Plan 921080 Minyerri Comm Minyerri,Within 10 metres,0,,,,,,,,,0,Not recorded,Not recorded,0,,,,0,,664.9,4,0,0,accc=0;ntg2022=0;rrl5=0;bushtel=0,satellite,nodata,No health centre recorded on BushTel,nodata,works,fails,1,0,
603,Kalkarindji,"Kalkaringi, Wave Hill",Major,BIG RIVERS,450,7106806,-17.44675,130.83212,1,1,1,1,Y,Y,Y,Y,,Y,Y,Y,"In the vicinity of the Council Office. 24hours, 7 days.",Y,Located at the Kalkaringi School,Y,,Y,Telstra Coverage Map Telstra Outages,Y,Y,"Access to Kalkarindji from Katherine is via the Victoria and Buntine highways. The road is sealed between the Victoria Highway turnoff and Kalkarindji, with the section between Kalkarindji and the Western Australia border unsealed. Depending on weather and road conditions, it is about a five to six hours drive.",0,21,2026-06-26,SATELLITE_RESIDUAL,0,0,358.528,499.258,,,1,0,0,0,-1,0,0,0,0,1,0.0,101.451,508.721,1,1,1,0,0,0,0,0,0,0,0,0,1,1,1,0.588,Telstra,Telstra Radio Terminal KALKARINGI,Unknown,1,KALKARINDJI,COMMUNITY,1,0,0,TELSTRA,311,0.0,1,Y,www.telstra.com.au/coverage-networks/our-coverage,1,Optic fibre,Telstra,0.216,0,,664.9,4,4,0,accc=1;ntg2022=1;rrl5=1;bushtel=1,terrestrial_mobile,degraded,Latency `664.9 ms` on satellite vs `100 ms` required,degraded,works,works,0,2,Optic fibre
608,Kybrook Farm,Copperfield Creek,Minor,BIG RIVERS,0,7105803,-13.86316,131.82196,1,1,1,1,N,N,N,N,,N,Y,,,,,U,,Y,Telstra Coverage Map Telstra Outages,N,Y,The community of is located 8 km south of Pine Creek Township by road and is accessible all year round by road.,0,19,2025-08-06,SATELLITE_RESIDUAL,0,0,79.004,132.951,,,1,0,0,0,-1,0,0,0,0,1,0.0,21.137,117.076,1,1,1,1,1,1,0,0,0,0,0,0,1,1,1,4.124,Optus,Pine Creek 37 Moule Street PINE CREEK,Within 10 metres,1,KYBROOK FARM,COMMUNITY,0,0,1,TELSTRA,52,0.0,1,Y,www.telstra.com.au/coverage-networks/our-coverage,0,,,,0,,664.9,4,4,0,accc=1;ntg2022=1;rrl5=1;bushtel=1,terrestrial_mobile,nodata,No health centre recorded on BushTel,nodata,works,works,0,0,
609,Lajamanu,Hooker Creek,Major,BIG RIVERS,767,7106807,-18.335835,130.63834,1,1,1,1,Y,Y,Y,Y,Y,Y,Y,Y,In the vicinity of the Library (Batchelor Institute Learning Centre). 9am-3pm Daily.,,,Y,,Y,Telstra Coverage Map Telstra Outages,Y,Y,"By road, Lajamanu can be accessed from Katherine and from Alice Springs. From Katherine, access is via the sealed Buntine Highway and then via approximately 100 km of unsealed road. The travel time is around 6 hours. Access can also be made from Alice Springs via the Tanami Road, which is currently sealed from Alice Springs to within 8 km from Yuendumu, then via the Lajamanu Road. The unsealed section of the Tanami Road as well as the unsealed Lajamanu Road are often in poor repair. The distance from Alice Springs is approx 880 km.",0,20,2026-06-26,SATELLITE_RESIDUAL,0,0,397.81,598.211,,,1,0,0,0,-1,0,1,0,0,1,0.0,198.231,609.372,1,1,1,0,0,0,0,0,0,0,0,0,1,1,1,0.663,Telstra,"Telstra Site, Lot 233 Plan 901070 Lajamanu Road Lajamanu",Within 100 metres,1,LAJAMANU,COMMUNITY,1,0,0,TELSTRA,605,0.001,1,Y,www.telstra.com.au/coverage-networks/our-coverage,1,Optic fibre,Telstra,0.32,0,,664.9,4,4,0,accc=1;ntg2022=1;rrl5=1;bushtel=1,terrestrial_mobile,degraded,Latency `664.9 ms` on satellite vs `100 ms` required,degraded,works,works,0,2,Optic fibre
622,Amanbidji,"Amanbidgee Station, Kildurk, Mialuni",Major,BIG RIVERS,88,7106803,-16.428055,129.6189,1,1,1,1,Y,Y,Y,N,,N,Y,,,,,N,,N,Telstra Coverage Map Telstra Outages,Y,Y,"The community is serviced by an unsealed road to the Victoria Highway (62 km). Once on the Highway it is 107 km east to Timber Creek, the nearest settlement in the Northern Territory.",0,19,2025-08-06,SATELLITE_RESIDUAL,0,0,354.431,410.769,,,0,0,0,0,-1,0,0,0,0,0,35.484,66.208,428.798,1,1,1,0,0,0,0,0,0,0,0,0,1,1,1,0.258,Telstra,"20 m seesaw monopole, Amanbidji Community BAINES",Within 10 metres,0,,,,,,,,,0,N,www.telstra.com.au/coverage-networks/our-coverage,0,,,,0,,664.9,4,1,1,accc=0;ntg2022=0;rrl5=1;bushtel=0,satellite,fails,Latency `664.9 ms` on satellite vs `100 ms` required; no carrier 4G polygon,degraded,works,fails,2,1,
624,Minyerri,"Hodgson Downs, Miniyerre, Minyere, Minyeri, Minyerre",Major,BIG RIVERS,763,7106606,-15.2216,134.0821,1,1,1,1,Y,Y,Y,U,,Y,Y,Y,"In the vicinity of the ""Corporation Office"" Lot 69. 8am-11pm daily.",,,Y,,Y,Telstra Coverage Map Telstra Outages,Y,Y,"By road, the trip to Minyerri takes approx three hours from Katherine. Following the sealed partly single lane Roper Highway which is approx 110 km from Mataranka for 40 km to the Minyerri/Hodgson Downs turn-off. The remaining 40 km is dirt road.",0,18,2026-06-29,SATELLITE_RESIDUAL,0,0,197.859,409.998,,,1,0,0,0,-1,0,0,0,0,1,0.0,92.968,392.351,1,1,1,0,0,0,0,0,0,0,0,0,1,1,1,0.111,Telstra,Telstra Site 4 Plan 921080 Minyerri Comm Minyerri,Within 10 metres,1,MINYERRI,COMMUNITY,1,0,0,TELSTRA,603,0.0,1,Y,www.telstra.com.au/coverage-networks/our-coverage,1,Optic fibre,Telstra/NTG Program,0.046,0,,664.9,4,4,0,accc=1;ntg2022=1;rrl5=1;bushtel=1,terrestrial_mobile,degraded,Latency `664.9 ms` on satellite vs `100 ms` required,degraded,works,works,0,2,Optic fibre
633,Ngukurr,Roper River,Major,BIG RIVERS,1277,7106608,-14.7317,134.7321,1,1,1,1,Y,Y,Y,Y,Y,Y,Y,Y,"In the vicinity of the Council Office (Lot 293). Available Monday to Friday, 8:00am to 4:30pm, Saturday &amp; Sunday off.",Y,Located at Ngukurr School,Y,,Y,Telstra Coverage Map Telstra Outages,Y,Y,"Access to Ngukurr by road uses the Roper Highway which is single and double lane bitumen. The last 70km into Ngukurr is well maintained gravel, which can be used by conventional cars during the dry season and 4WD during the wet season. Travel time by road is approximately 3.5 hours from Katherine. New bridges built over the Roper and Wilton Rivers reduce the impact of severe flooding. When flooded, the road is inaccessible.",1,24,2026-06-30,SATELLITE_RESIDUAL,0,0,254.446,434.458,,,1,0,0,0,-1,0,0,0,0,1,0.0,162.332,419.582,1,1,1,0,0,0,0,0,0,0,0,0,1,1,1,0.276,Telstra,Telstra Radio Terminal NGUKURR,Unknown,1,NGUKURR,COMMUNITY,1,0,0,TELSTRA,1003,0.0,1,Y,www.telstra.com.au/coverage-networks/our-coverage,1,Optic fibre,Project 13,0.335,0,,664.9,4,4,0,accc=1;ntg2022=1;rrl5=1;bushtel=1,terrestrial_mobile,degraded,Latency `664.9 ms` on satellite vs `100 ms` required,degraded,works,works,0,2,Optic fibre
639,Nitjpurru,"Bunbidee, Nijburru, Pigeon Hole",Minor,BIG RIVERS,142,7106804,-16.81412,131.22037,1,1,1,1,Y,Y,Y,N,,N,Y,,,,,N,,N,Telstra Coverage Map Telstra Outages,Y,Y,The community is located about 450 km from Katherine by road. It can be accessed via road; 4WD only.,0,16,2026-07-16,SATELLITE_RESIDUAL,0,0,277.778,429.635,,,0,0,0,0,-1,0,0,0,0,0,22.639,66.428,435.087,1,1,1,0,0,0,0,0,0,0,0,0,1,1,1,0.846,Telstra,"20 m seesaw monopole, Pigeon Hole Community near Sewage Ponds EAST ARNHEM",Within 10 metres,0,,,,,,,,,0,N,www.telstra.com.au/coverage-networks/our-coverage,0,,,,0,,664.9,4,1,1,accc=0;ntg2022=0;rrl5=1;bushtel=0,satellite,fails,Latency `664.9 ms` on satellite vs `100 ms` required; no carrier 4G polygon,degraded,works,fails,2,1,
641,Rittarangu,Urapunga,Minor,BIG RIVERS,139,7106607,-14.71011,134.56526,1,1,1,1,Y,Y,Y,N,,N,Y,,,Y,Located at Urapunga School,N,,N,Telstra Coverage Map Telstra Outages,Y,Y,"Rittarangu is located approx 300 km southeast of Katherine, using the Roper Highway which is single and double lane bitumen. The last 50km into Rittarangu is gravel. The new bridge built over the Roper River reduces the duration of severe flooding. When flooded, the road is inaccessible.",1,18,2026-02-12,SATELLITE_RESIDUAL,0,0,236.166,417.736,,,0,0,0,0,-1,0,0,0,0,0,4.197,144.436,402.34,1,1,1,0,0,0,0,0,0,0,0,0,1,1,1,0.212,Telstra,"20 m seesaw monopole, Urapunga Community 85 m SW of Water Tank WILTON",Within 10 metres,0,,,,,,,,,0,N,www.telstra.com.au/coverage-networks/our-coverage,0,,,,0,,664.9,4,1,1,accc=0;ntg2022=0;rrl5=1;bushtel=0,satellite,fails,Latency `664.9 ms` on satellite vs `100 ms` required; no carrier 4G polygon,degraded,works,fails,2,1,
642,Rockhole,Rochole,Minor,BIG RIVERS,115,7106713,-14.51935,132.18633,1,1,1,1,,,,,,,,Y,,,,,,Y,Telstra Coverage Map Telstra Outages,,Y,,0,8,2025-08-06,SATELLITE_RESIDUAL,0,0,6.881,214.412,,,1,1,0,1,-1,0,1,1,0,3,0.0,0.0,200.186,1,1,1,1,1,1,1,1,1,0,0,0,1,1,1,1.63,Telstra,"40 m Amplitel monopole, 220 Murnburlu Road COSSACK",Within 100 metres,1,ROCKHOLE,COMMUNITY,0,0,1,OPTUS/TELSTRA,145,0.0,0,Not recorded,Not recorded,0,,,,0,,664.9,4,4,0,accc=1;ntg2022=1;rrl5=1;bushtel=1,terrestrial_mobile,nodata,No health centre recorded on BushTel,nodata,works,works,0,0,
654,Weemol,"Weemoll, Wemool",Minor,BIG RIVERS,109,70205106510,-13.644181,134.308625,1,1,1,1,N,N,N,N,,N,Y,,,,,N,,Y,Telstra Coverage Map Telstra Outages,Y,Y,"By road, the trip to Weemol takes approx four hours from Katherine. The single lane Central Arnhem Highway is sealed to the Beswick Rubbish Dump, approximately 124 km from the Stuart Highway. The remaining 194 km is dirt road. The road does become inaccessible at times during most wet seasons at Mainoru River and Flying Fox Creek.",1,16,2026-02-10,SATELLITE_RESIDUAL,0,0,192.665,342.683,,,1,0,0,0,-1,0,0,0,0,1,0.0,134.757,328.411,1,1,1,0,0,0,0,0,0,0,0,0,1,1,1,4.662,Telstra,Telstra Site Sewerage Ponds Access 1km SE of Bulman,Within 10 metres,1,WEEMOL,COMMUNITY,0,0,1,TELSTRA,91,0.001,1,Y,"Telstra Small Cell 4G Network connectivity is available_x000D_
www.telstra.com.au/coverage-networks/our-coverage",1,Optic fibre,Telstra/NTG Program,0.045,0,,664.9,4,4,0,accc=1;ntg2022=1;rrl5=1;bushtel=1,terrestrial_mobile,nodata,No health centre recorded on BushTel,nodata,works,works,0,0,Optic fibre
658,Yarralin,,Major,BIG RIVERS,332,7106809,-16.44841,130.88279,1,1,1,1,Y,Y,Y,Y,,Y,Y,,,,,N,,Y,Telstra Coverage Map Telstra Outages,Y,Y,"Access from Katherine is via the Victoria Highway and then through the picturesque Jasper Gorge, often impassable during the wet season. Alternative access is via the Buntine Highway through Top Springs. Apart from the Victoria Highway all roads are unsealed and often rocky. It takes around 4 hours to drive there from Katherine.",1,16,2026-06-26,SATELLITE_RESIDUAL,0,0,260.163,389.046,,,1,0,0,0,-1,0,0,0,0,1,0.0,19.669,398.132,1,1,1,0,0,1,0,0,0,0,0,0,1,1,1,0.155,Telstra,Telstra Radio Site Lot 41 Yarralin,Within 100 metres,1,YARRALIN,COMMUNITY,1,0,0,TELSTRA,250,0.0,1,Y,Not recorded,1,Microwave radio,Telstra/NTG Program,0.051,0,,664.9,4,4,0,accc=1;ntg2022=1;rrl5=1;bushtel=1,terrestrial_mobile,degraded,Latency `664.9 ms` on satellite vs `100 ms` required,degraded,works,works,0,2,Microwave radio
721,Likkaparta,"Likaparrta, Likiparta, Marapurn",Minor,BARKLY,0,7105503,-19.34336,134.53799,1,1,1,1,,,,,,,,,,,,,,,,,Y,,0,7,2026-06-19,SATELLITE_RESIDUAL,0,0,47.697,800.623,,,0,0,0,0,-1,0,0,0,0,0,18.167,0.475,795.889,0,0,1,0,0,0,0,0,0,0,0,0,0,0,1,35.811,Telstra,Telstra Site 24 km N of Tennant Creek THREEWAYS ROADHOUSE,Unknown,0,,,,,,,,,0,Not recorded,Not recorded,0,,,,0,,664.9,4,0,0,accc=0;ntg2022=0;rrl5=0;bushtel=0,satellite,nodata,No health centre recorded on BushTel,nodata,works,fails,1,0,
744,Pickertaramoor,,Minor,TOP END,0,7106002,-11.763605,130.89011,1,1,1,1,,,,,,,,,,Y,Located at the Tiwi College,,,Y,Telstra Coverage Map Telstra Outages,,,,0,4,2026-07-03,SATELLITE_RESIDUAL,0,0,62.235,61.352,,,1,0,0,0,-1,0,0,0,0,1,0.0,5.188,47.602,1,1,1,0,0,1,0,0,0,0,0,0,1,1,1,0.664,Telstra,"Telstra Site, Pickataramoor Tiwi Islands",Within 10 metres,0,,,,,,,,,0,Not recorded,Not recorded,0,,,,0,,664.9,4,3,1,accc=1;ntg2022=0;rrl5=1;bushtel=1,terrestrial_mobile,nodata,No health centre recorded on BushTel,nodata,works,works,0,0,
868,Wurankuwu,Ranku,Minor,TOP END,22,7106001,-11.61652,130.27763,1,1,1,1,,,,,,,,,,,,,,,,,,,0,4,2025-08-06,SATELLITE_RESIDUAL,0,0,103.708,89.54,,,0,0,0,0,-1,0,0,0,0,0,4.1,42.66,92.911,1,1,1,0,0,1,0,0,0,0,0,0,1,1,1,0.174,Telstra,Broadcast Site  WURANKUWU,Unknown,0,,,,,,,,,0,Not recorded,Not recorded,0,,,,0,,664.9,4,1,1,accc=0;ntg2022=0;rrl5=1;bushtel=0,satellite,nodata,No health centre recorded on BushTel,nodata,works,fails,1,0,
