kind,service,metric,value,unit,direction,source,source_url,checked,note
requirement,telehealth_video,bandwidth_down,350,kbps,min,healthdirect Video Call,https://help.vcc.healthdirect.org.au/technical-basics/bandwidthdatausage,2026-09-12,two-endpoint call; up to 1 Mbps used when available
requirement,telehealth_video,bandwidth_up,350,kbps,min,healthdirect Video Call,https://help.vcc.healthdirect.org.au/technical-basics/bandwidthdatausage,2026-09-12,
requirement,telehealth_video,latency,100,ms,max,healthdirect Video Call,https://help.vcc.healthdirect.org.au/technical-basics/bandwidthdatausage,2026-09-12,"""should not be more than 100 milliseconds"""
requirement,school_video_meeting,bandwidth_up,150,kbps,min,Microsoft Teams network requirements (Katherine School of the Air uses Teams),https://learn.microsoft.com/en-us/microsoftteams/prepare-network,2026-09-12,minimum tier = 240p video
requirement,school_video_meeting,bandwidth_down,200,kbps,min,Microsoft Teams network requirements,https://learn.microsoft.com/en-us/microsoftteams/prepare-network,2026-09-12,
requirement,school_video_meeting,bandwidth_up_recommended,2500,kbps,min,Microsoft Teams network requirements,https://learn.microsoft.com/en-us/microsoftteams/prepare-network,2026-09-12,recommended tier = up to 1080p
requirement,school_video_meeting,bandwidth_down_recommended,4000,kbps,min,Microsoft Teams network requirements,https://learn.microsoft.com/en-us/microsoftteams/prepare-network,2026-09-12,
requirement,school_video_meeting,latency,,ms,max,Microsoft Teams network requirements,https://learn.microsoft.com/en-us/microsoftteams/prepare-network,2026-09-12,TBD: page gives no numeric RTT; Network Planner docs not yet fetched (verdict TBD 8)
requirement,school_screen_share,bandwidth_up,250,kbps,min,Microsoft Teams network requirements,https://learn.microsoft.com/en-us/microsoftteams/prepare-network,2026-09-12,
requirement,school_screen_share,bandwidth_down,250,kbps,min,Microsoft Teams network requirements,https://learn.microsoft.com/en-us/microsoftteams/prepare-network,2026-09-12,
requirement,mygov_banking,bandwidth_down,,kbps,min,none published,https://www.servicesaustralia.gov.au/,2026-09-12,TBD: Services Australia publishes no requirement (service lane 2.11); treated as text-first and reachable on any working link
capability,nbn_satellite,latency,664.9,ms,measured,ACCC Measuring Broadband Australia release 147/24,https://www.accc.gov.au/media-release/broadband-performance-of-satellite-services-measured-for-the-first-time,2026-09-12,average all hours; Sky Muster
capability,nbn_satellite,bandwidth_down_typical,21000,kbps,measured,nbn Sky Muster Plus Premium entry tier,https://www.nbnco.com.au/learn/network-technology/sky-muster-explained/sky-muster-plus-explained,2026-09-12,anticipated typical busy-period download; 38 and 63 Mbps on higher tiers
capability,nbn_satellite,bandwidth_up_max,5000,kbps,wholesale max,nbn Sky Muster Plus Premium,https://www.nbnco.com.au/learn/network-technology/sky-muster-explained/sky-muster-plus-explained,2026-09-12,all three tiers 5 Mbps up
capability,nbn_fixed_wireless,latency,,ms,measured,ACCC Measuring Broadband Australia,https://www.accc.gov.au/by-industry/telecommunications-and-internet/telecommunications-monitoring/measuring-broadband-australia-program/latest-performance-report,2026-09-12,TBD: fetch the MBA fixed-wireless latency figure; assumed well under 100 ms until sourced
capability,nbn_fixed_line,latency,,ms,measured,ACCC Measuring Broadband Australia,https://www.accc.gov.au/by-industry/telecommunications-and-internet/telecommunications-monitoring/measuring-broadband-australia-program/latest-performance-report,2026-09-12,TBD: as above
capability,mobile_4g,latency,,ms,measured,none yet,,2026-09-12,TBD: no per-community measurement exists (Ookla tiles empty for 11 of 50 remote communities); 4G is assumed to clear 100 ms where a carrier footprint contains the community
capability,leo_satellite,latency,29.8,ms,measured,ACCC Measuring Broadband Australia release 147/24,https://www.accc.gov.au/media-release/broadband-performance-of-satellite-services-measured-for-the-first-time,2026-09-17,Starlink average all hours; same release as the Sky Muster figure (OQ17)
