bushtel_id,name,cap_mobile,cap_internet,cap_fixed_phone,cap_road,svc_health_centre,svc_school,svc_store,svc_police,svc_library,svc_council_centre,svc_employment,svc_wifi,wifi_comment,svc_stand,stand_comment,svc_internet,internet_comment,svc_mobile_phone,mobile_phone_comment,svc_aerodrome,svc_road_access,road_access_comment,road_seasonal_cut,service_types_listed,profile_last_updated
9,Amoonguna,1,1,1,1,Y,Y,N,N,,Y,Y,Y,In the vicinity of the Recreation Hall. Active 24\7.,,,Y,,Y,Telstra Coverage Map Telstra Outages,N,Y,Amoonguna is 20 km from Alice Springs off the Ross Highway with a sealed access road. Heavy and consistent rainfall can flood the Todd River and community access may be cut for a short period.,1,17,"15/08/2025, 04:08:18 PM"
10,Ampilatwatja,1,1,1,1,Y,Y,Y,N,,Y,Y,Y,In the vicinity of the Basketball Court. Monday - Thursday: 9am - 8pm. Friday: 9am-9pm. Not active on weekends.,Y,Located at Ampilatwatja School,Y,,Y,Telstra Coverage Map Telstra Outages,Y,Y,"Ampilatwatja is approx. 315 km south east of Tennant Creek (155 km unsealed) and approx. 325 km north east of Alice Springs, off the Sandover Highway (220 km unsealed). It's about 4 hours' drive if the road is in reasonable condition. A 4-WD is required during rainy weather and the road can be impassable or closed to all vehicles with heavy rain.",1,18,"15/08/2025, 04:08:33 PM"
20,Areyonga,1,1,1,1,Y,Y,Y,N,,Y,Y,Y,"In the vicinity of the Rec Hall. Available 10am-9pm Mon-Thurs, 10am-7pm Fri, 10am-9pm Sat. Not available Sun.",,,Y,,N,Telstra Coverage Map Telstra Outages,Y,Y,"The access road consists of sealed road from Alice Springs to Gosses Bluff Juction (185 km), then dirt road to Areyonga (55 km). The dirt part of the road is often quite rough with corrugations. A few creek crossings make the road impassable in fairly extreme wet conditions. Caution required at 'Devils Elbow' at approach to creek crossing accessing community entry point. It takes about 2.5 hours to drive there.",1,17,"19/04/2025, 11:00:30 AM"
26,Orrtipa-Thurra,1,1,1,1,Y,Y,Y,,,,,Y,Serviced by Activ8me. For support ring 13 22 88,,,,,Y,Telstra Coverage Map Telstra Outages,,Y,,0,11,"06/05/2026, 01:55:04 PM"
33,Engawala,1,1,1,1,U,Y,Y,N,,Y,Y,Y,"WiFi hotspot and computer room have been set up in community by CAYLUS . Separate WiFi is provided and serviced by Activ8me, for support ring 13 22 88",,,N,,Y,Telstra Coverage Map Telstra Outages,Y,Y,"Engawala is 180 km from Alice Springs. The Plenty Highway is sealed for 110 kms, turn left onto unsealed Delmore Downs Road for 28 km, left to Engawala.",0,17,"19/04/2025, 11:00:30 AM"
36,Finke,1,1,1,1,Y,Y,Y,U,,Y,Y,Y,In the vicinity of the Rec Hall. 3pm-8pm Tues-Sat. Not available Sun & Mon.,,,Y,,Y,Telstra Coverage Map Telstra Outages,Y,Y,"Travel from Alice Springs via the Stuart Highway to Kulgera Roadhouse, (270 km), turn left via the Finke Road to Finke (147 km, all dirt road. Always check road conditions prior to travel. Erldunda Roadhouse, (200 km from Alice) and Kulgera Roadhouse are available for fuel and food.",0,17,"26/06/2026, 03:53:40 PM"
41,Haasts Bluff,1,1,1,1,U,Y,Y,U,,Y,Y,Y,"In the vicinity of the Rec Hall. Available 24hrs, 7 days. Separate WiFi is provided and serviced by Activ8me, for support ring 13 22 88",,,N,,N,Telstra Coverage Map Telstra Outages,Y,Y,"Haasts Bluff is 227 km west of Alice Springs via Larapinta Drive and the Namatjira Kintore Link Road, or 257 km via the Tanami Highway and then turn onto Papunya/Kintore road.",0,17,"29/06/2026, 11:39:22 AM"
42,Atitjere,1,1,1,1,Y,Y,Y,Y,,Y,Y,Y,"Available 24hours, 7 days.",,,Y,,Y,Telstra Coverage Map Telstra Outages,Y,Y,Atitjere is approx 215 km from Alice Springs on the Plenty Highway. The highway is sealed from the Stuart Highway to Atitjere. Work is progressing on sealing the road past the turn off.,0,17,"26/06/2026, 03:53:01 PM"
43,Hermannsburg,1,1,1,1,Y,Y,Y,Y,,Y,Y,Y,"In the vicinity of the Rec Hall. Tuesday to Thursday 0830am-10:00pm, Friday 0830am-10:30pm, Saturday 0830am-6pm, Sunday &amp; Monday turned off",,,Y,,Y,Telstra Coverage Map Telstra Outages,Y,Y,"The 130 km access road to the community from Alice Springs is along Larapinta Drive, and is sealed the entire distance. It's around 1.5 hrs drives from Alice Springs, however can be cut off due to heavy rain for short periods.",1,17,"26/06/2026, 03:56:27 PM"
51,Imanpa,1,1,1,1,Y,Y,Y,U,,Y,Y,Y,"In the vicinity of the Learning Centre. Available 24hours, 7 days.",,,N,,Y,Telstra Coverage Map Telstra Outages,N,Y,The community is accessible by road (Lasseters Highway) from Alice Springs. The Lasseters Highway is sealed to the community turn off.,0,17,"29/06/2026, 11:39:36 AM"
63,Irrultja,1,1,1,1,,U,,,,,,Y,,,,,,,,,Y,,0,8,"06/08/2025, 02:15:12 PM"
65,Iwupataka,1,1,1,1,,,,,,,,,,,,,,,,,,,0,1,"24/03/2023, 11:33:40 AM"
66,Kaltukatjara,1,1,1,1,Y,Y,Y,U,,Y,Y,Y,"In the vicinity of the Shiny Shed, Lot 141. 11am-9pm daily.",,,Y,,Y,Telstra Coverage Map Telstra Outages,Y,Y,Alice Springs to Docker River is 670 km via Uluru. The 183 km from the Olgas is unsealed. The community is on the Outback Way. It's approximately 7 hours drive from Alice Springs.,0,18,"07/04/2026, 11:26:12 AM"
72,Kintore,1,1,1,1,Y,Y,Y,Y,,Y,Y,Y,"In the vicinity of the Youth Centre. Separate WiFi is provided and serviced by Activ8me, for support ring 13 22 88",Y,Located at Yirara College and Walunguru School,Y,,Y,Telstra Coverage Map Telstra Outages,Y,Y,"By road, road the community is 530km from Alice Springs. The first part (136 km) of road travel is via a bitumen all-weather Tanami Highway. The remainder of the journey is via dirt roads of varying quality.",0,19,"26/06/2026, 03:54:43 PM"
86,Laramba,1,1,1,1,Y,Y,Y,N,,Y,Y,Y,"WiFi hotspot and computer room have been set up in community by CAYLUS . Separate WiFi is provided and serviced by Activ8me, for support ring 13 22 88",,,N,,Y,Telstra Coverage Map Telstra Outages,Y,Y,"The Community is 205 km by road from Alice Springs. Access to the community from Alice Springs is via the Napperby station road, which runs west from the Stuart Highway, 122 km north of Alice Springs. The community is located 83km from the turnoff. It takes 2.5 hours to drive there.",0,17,"19/04/2025, 11:00:30 AM"
112,Mount Liebig,1,1,1,1,Y,Y,Y,N,,Y,Y,Y,In the vicinity of the Youth Centre. Available 24/7.,,,Y,,Y,Telstra Coverage Map Telstra Outages,Y,Y,The community is located 325 km west of Alice Springs via the Tanami Highway and Kintore Roads.,0,17,"10/02/2026, 08:45:27 AM"
120,Mutitjulu,1,1,1,1,Y,Y,Y,Y,,N,Y,Y,In the vicinity of the Rec Hall. 8am-8pm daily.,,,Y,,Y,Telstra Coverage Map Telstra Outages,N,Y,Mutitjulu is located 470 km southwest by road from Alice Springs. The community can is accessible all year round by road (sealed) via Lasseter Highway (Alice Springs to Yulara) and Uluru Road (Yulara to Mutitjulu).,0,20,"26/06/2026, 03:55:47 PM"
127,Nturiya,1,1,1,1,N,N,N,N,Y,N,Y,Y,"In the vicinity of the Library (Council Building). 1pm-4pm Mon-Fri, 9am-4pm Sat. Not available Sun.",,,Y,,Y,Telstra Coverage Map Telstra Outages,N,Y,"The community is around 210 km north of Alice Springs by road via the Stuart Highway, 16 km west of Ti Tree. The entire road to Ti Tree is sealed, and takes two hours to drive there.",0,18,"19/04/2025, 11:00:30 AM"
128,Nyirripi,1,1,1,1,Y,Y,Y,U,,Y,Y,Y,"WiFi hotspot and computer room have been set up in community by CAYLUS . Separate WiFi is provided and serviced by Activ8me, for support ring 13 22 88",,,N,,Y,Telstra Coverage Map Telstra Outages,Y,Y,"From Alice Springs travel via the Tanami Highway to Yuendumu, (293 km, 285 km sealed). Turn left opposite Yuendumu via the Nyirripi Road. Nyirripi is 150 km of dirt road. Always check the road conditions prior to travel. The Tilmouth Well Roadhouse is 188 km from Alice Springs for fuel and food.",0,18,"26/06/2026, 03:56:45 PM"
131,Papunya,1,1,1,1,Y,Y,Y,Y,,Y,Y,Y,In the vicinity of the Maku Shed.,,,Y,Available on Telstra mobile network.,Y,Telstra Coverage Map Telstra Outages,Y,Y,The community is accessible via the Tanami Highway and Kintore road from Alice Springs. It is located 240 km west of Alice Springs.,0,18,"26/06/2026, 03:56:52 PM"
138,Pmara Jutunta,1,1,1,1,Y,N,N,N,,N,Y,,,,,Y,,Y,Telstra Coverage Map Telstra Outages,N,Y,The community is around 190 km from Alice Springs by road on the Stuart Highway. It takes 2 hours to drive there. The community is situated approximately 500 metres to the east of the Stuart Highway.,0,16,"19/04/2025, 11:00:30 AM"
145,Santa Teresa,1,1,1,1,Y,Y,Y,U,,Y,Y,Y,In the vicinity of the Rec Hall. Tuesday ¿ Saturday 3pm ¿ 10pm (Standard hours) / Tuesday ¿ Saturday 8am ¿ 10pm (School holidays) - Disabled Mondays &amp; Sundays,Y,Located at the Ltyentye Apurte Catholic School,Y,,Y,Telstra Coverage Map Telstra Outages,Y,Y,The community is located 85 km from Alice Springs by road and it takes approx 1 hour to drive there. The access road to the community consists of sealed road (50%) and unsealed gravel road. The road is passable for conventional vehicles at most times. A few creek crossings make the road impassable in fairly extreme wet conditions.,1,18,"29/06/2026, 11:40:19 AM"
147,Arawerr,1,1,1,1,,U,,,,,,Y,,,,,,,,,Y,,0,8,"06/08/2025, 02:15:12 PM"
148,Titjikala,1,1,1,1,Y,Y,Y,U,,Y,Y,Y,In the vicinity of the Rec Hall (Lot 109). Available 24/7.,Y,Located at the Titjikala School,Y,,Y,Telstra Coverage Map Telstra Outages,N,Y,"The community is located 130 km south east of Alice Springs via the Old South Road. It takes approx 1.5 hours to drive there. The road from Alice Springs is mostly unsealed. Access is generally available to conventional vehicles, however the road becomes impassable after heavy rains.",1,18,"15/08/2025, 04:09:57 PM"
174,Wallace Rockhole,1,1,1,1,Y,Y,Y,N,,Y,Y,Y,"In the vicinity of the Council Office, 18 Roesch St. Available 24 hours, 7 days.",,,Y,,Y,Telstra Coverage Map Telstra Outages,N,Y,The access road to the community consists of 100 km of sealed road from Alice Springs and then 20 km of graded dirt road. It takes 1.5 hours to drive there. The road is passable for conventional vehicles at most times though it is rough in the wet. In extreme weather the road is impassable and the town can become isolated.,1,17,"19/04/2025, 11:00:30 AM"
186,Willowra,1,1,1,1,Y,Y,Y,U,,Y,Y,Y,"In the vicinity of the Willowra Activity Centre, CDP building, 9 Pawu St. 9am-3pm Mon-Fri, not available Sat & Sun.",,,Y,,Y,Telstra Coverage Map Telstra Outages,Y,Y,"The community is located off the Stuart Highway 340 km north, north west of Alice Springs. Travel up the Stuart Highway towards Tennant Creek, and turn off highway 15 km north of Ti Tree, travel 130km north-west to the community.",0,17,"29/06/2026, 11:40:33 AM"
187,Wilora,1,1,1,1,U,Y,Y,N,,N,Y,,,,,N,,Y,Telstra Coverage Map Telstra Outages,N,Y,"The community is located 245 km north of Alice Springs. Sighnposted - turn off East of the Stuart Highway, only a short distance from the Highway.",0,16,"19/04/2025, 11:00:30 AM"
197,Yuelamu,1,1,1,1,U,Y,Y,N,,Y,Y,Y,"Serviced by Activ8me, for support ring 13 22 88",,,N,,Y,Telstra Coverage Map Telstra Outages,Y,Y,The access road to the community from Alice Springs is via the Tanami Highway off the Stuart Highway. The road from the Stuart Highway to the Mt Allen turnoff is sealed. From there it is 31 km unformed gravel road to the community. From the Tanami Highway the road is subject to washaways during heavy rainfall.,0,17,"19/04/2025, 11:00:30 AM"
198,Yuendumu,1,1,1,1,Y,Y,Y,Y,,Y,Y,N,,,,Y,,Y,Telstra Coverage Map Telstra Outages,Y,Y,"The access road to the community from Alice Springs is along the Tanami Highway, which branches off the Stuart Highway 25 km North of Alice Springs. It takes approximately 3 hours to drive there. The road is sealed all way to Yuendumu.",0,18,"26/06/2026, 03:58:19 PM"
202,Ali Curung,1,1,1,1,Y,Y,Y,Y,,Y,N,Y,In the vicinity of the Rec Hall. 12:30pm-9:30pm Mon-Fri. Not available Sat & Sun.,,,Y,,Y,Telstra Coverage Map Telstra Outages,Y,Y,The community is located 170 km south of Tennant Creek. The road from Tennant Creek to Ali Curung is sealed and is roughly a 2 hr drive.,0,18,"26/06/2026, 03:09:14 PM"
203,Alpurrurulam,1,1,1,1,Y,Y,Y,U,,Y,Y,Y,"In the vicinity of the Community Centre. 2:30pm-10pm Mon-Fri, 8am-10pm Sat &amp; Sun. Separate WiFi is provided and serviced by Activ8me, for support ring 13 22 88",,,Y,,Y,Telstra Coverage Map Telstra Outages,Y,Y,"Alpurrurulam is approx. 570 km east from Tennant Creek along the Barkly Highway via the&nbsp;Austral Downs Station road turnoff approx. 11 km from the NT/QLD border. In the wet season the road, and the river can become impassable. Alpurrurulam can also be accessed via the Sandover Highway.",1,18,"26/06/2026, 03:12:56 PM"
219,Canteen Creek,1,1,1,1,Y,Y,Y,N,,N,N,Y,"Serviced by Activ8me, for support ring 13 22 88",,,Y,,Y,Telstra Coverage Map Telstra Outages,Y,Y,"The community is located approx. 275 km south east of Tennant Creek. 85 km south along the Stuart Highway is the turn off, then 190 km east along a dirt road past Wutunugurra (Epenarra) community. It is approx. a 3.5 hours drive from Tennant Creek.",0,20,"30/06/2026, 12:15:48 PM"
227,Wutunugurra,1,1,1,1,Y,Y,Y,N,,Y,Y,Y,"Serviced by Activ8me, for support ring 13 22 88",,,Y,,Y,Telstra Coverage Map Telstra Outages,Y,Y,"The community is located on the western side of the Frew River, 205km south-east of Tennant Creek. Access road consists of both sealed and unsealed sections (around 87km of sealed along the Stuart Highway to the Wutunugurra turn off and 118km of unsealed along the Kurundi Road). Access to the community is variable, depending on weather conditions the Kurundi Road may be closed due to flooding in the wet season.",1,17,"17/10/2025, 08:16:32 AM"
244,Mungkarta,1,1,1,1,Y,U,,,,,,Y,"Serviced by Activ8me, for support ring 13 22 88",,,,,,,,Y,,0,9,"19/06/2026, 09:54:45 AM"
250,Imangara,1,1,1,1,N,Y,Y,N,,N,N,,,,,N,,N,Telstra Coverage Map Telstra Outages,Y,Y,"By road, the community is located 207 km south of Tenant Creek. Turn off Ali Curung road opposite workshop - 35km to Murray Down Station. First 170km section of the road is sealed and the later part is unsealed.",0,16,"19/04/2025, 11:00:30 AM"
252,Marlinja,1,1,1,1,,Y,,,,,,,,,,,,,,,Y,,0,7,"19/06/2026, 09:30:04 AM"
256,Wandangula,1,1,1,1,,,,,,,,,,,,,,,,,Y,,0,6,"06/08/2025, 02:14:51 PM"
258,Robinson River,1,1,1,1,Y,Y,Y,U,,N,Y,,,Y,Located at the Robinson River School,Y,Telstra Small Cell 4G Network connectivity is permanently available,Y,Telstra Coverage Map Telstra Outages,Y,Y,"By road, the trip to Robinson River takes approx 10 hours from Katherine. The double lane Stuart Highway is sealed the entire way. At Daly Waters, the Carpentaria Highway be followed to Borroloola. This is a single lane Highway. The remaining 150 km is dirt road. It is recommend to travel in a 4WD.",0,20,"26/05/2026, 03:38:32 PM"
264,Tara,1,1,1,1,Y,Y,Y,N,,N,N,Y,"Serviced by Activ8me, for support ring 13 22 88",,,N,,N,Telstra Coverage Map Telstra Outages,N,Y,"The community is located about 220 km south of Tennant Creek. About 8km off the Stuart Highway and access is via an unsealed road to Neutral Junction Station, then 2km on to the community.",0,20,"06/08/2025, 02:15:06 PM"
294,Belyuen,1,1,1,1,Y,Y,Y,N,,Y,Y,Y,"In the vicinity of the Council Office. Available 24hours, 7 days.",,,Y,,Y,Telstra Coverage Map Telstra Outages,Y,Y,The community is located on the eastern side of Cox Peninsula approx 128 km by road from Darwin. The road from Darwin to Belyuen is sealed.,0,17,"30/10/2025, 10:46:35 AM"
319,Gochan Jiny Jirra,1,1,1,1,,U,,,,,,,,,,,,,,,Y,,0,7,"06/08/2025, 02:14:36 PM"
329,Gunbalanya,1,1,1,1,Y,Y,Y,Y,,Y,Y,Y,In the vicinity of the Youth Centre. 7am-9pm daily.,Y,Located at the Gunbalanya Youth Centre,Y,,Y,Telstra Coverage Map Telstra Outages,Y,Y,"By road, the community is approx 330 km from Darwin. The main road leading to Gunbalanya from Darwin to Cahills Crossing (East Alligator River) is sealed; and the road from Cahills Crossing to Gunbalanya is formed gravel. The later part of the road is impassable at times during wet season.",1,20,"03/07/2026, 02:34:50 PM"
362,Maningrida,1,1,1,1,Y,Y,Y,Y,,Y,Y,Y,In the vicinity of the Swimming Pool Lot 467. 7am-6pm Daily.,Y,Located at Maningrida School,Y,,Y,Telstra Coverage Map Telstra Outages,Y,Y,"Access to Maningrida via a sealed road to Cahills Crossing, and a dirt road for a further 250 km (4WD recommended but not essential). During the wet season access is limited, with the road often closed for extended periods. The drive takes approximately seven hours from Darwin.",1,19,"30/06/2026, 12:09:21 PM"
363,Manmoyi,1,1,1,1,,U,,,,,,,,,,,,Y,Telstra Coverage Map Telstra Outages,,Y,,0,8,"06/05/2026, 02:10:35 PM"
374,Milikapiti,1,1,1,1,Y,Y,Y,Y,Y,Y,Y,N,"In the vicinity of the Library, Lot 247. 8am-6pm daily (currently offline).",Y,Located at the Milikapiti School,Y,,Y,Telstra Coverage Map Telstra Outages,Y,N,No Mainland Access. Accessible via Aerodrome or Snake Bay Barge Landing,0,19,"03/07/2026, 02:29:49 PM"
375,Minjilang,1,1,1,1,Y,Y,Y,Y,,Y,Y,,,Y,Located at Mamaruni School,Y,,Y,Telstra Coverage Map Telstra Outages,Y,N,Only Accessible by Air or Barge,0,17,"21/08/2026, 10:32:14 AM"
397,Nauiyu,1,1,1,1,Y,Y,Y,Y,,Y,Y,Y,"Centrelink public WiFi, available in the vicinity of the council office.",Y,Located at St Francis Xavier Catholic School,Y,,Y,Telstra Coverage Map Telstra Outages,Y,Y,"It takes 2.5-3 hours to drive Nauiyu from Darwin. The entire road to the community is sealed, however during the wet season flooding of the Daly River can severely affect the community which can be cut off for several weeks.",1,20,"03/07/2026, 02:34:45 PM"
400,Wurrumiyanga,1,1,1,1,Y,Y,Y,Y,,Y,Y,Y,In the vicinity of the Sports and Recreation Hall Lot 834. 8am-6pm daily,Y,Located at the Murrupurtiyanuwu Catholic Primary School,Y,,Y,Telstra Coverage Map Telstra Outages,Y,N,No Mainland Access. Accessible via Aerodrome or Bathurst Island Barge Landing,0,19,"03/07/2026, 02:29:36 PM"
404,Nganmarriyanga,1,1,1,1,Y,Y,Y,N,,Y,Y,Y,"In the vicinity of the Council Office. 8am-8pm Mon-Sat, not available Sun.",Y,Located at Nganmarriyanga School,Y,,Y,Telstra Coverage Map Telstra Outages,Y,Y,"By road the community is 375 km from Darwin on the Port Keats Road between the communities of Peppimenarti and Wadeye. The Palumpa access road is unsealed and approx 140 km from the Daly River Bridge. The community is cut off during the wet season for extended period. The road between Palumpa and Port Keats, though only 45km away, is also impassable during the wet season.",1,18,"19/04/2025, 11:00:30 AM"
410,Peppimenarti,1,1,1,1,Y,Y,Y,Y,,Y,Y,Y,"In the vicinity of the Council Office. 8am-8pm Mon-Sat, not available Sun.",Y,Located at the Peppimenarti School,Y,,Y,Telstra Coverage Map Telstra Outages,Y,Y,"The community located approx 320 km south east of Darwin, is accessible by road. It is 120 km west of the Daly River crossing, along the Port Keats road. The access road consists of both sealed (upto Daly River Crossing) and unsealed sections. During the wet season the unsealed section of the road becomes impassable and access often limited to plane.",1,19,"03/07/2026, 02:33:33 PM"
411,Pirlangimpi,1,1,1,1,Y,Y,Y,Y,Y,Y,Y,Y,In the vicinity of the Library. 8am-6pm daily.,Y,Located at the Pularumpi School,Y,,Y,Telstra Coverage Map Telstra Outages,Y,N,No Mainland Access. Accessible via Aerodrome or Garden Point Barge Landing,0,19,"03/07/2026, 02:29:42 PM"
426,Wadeye,1,1,1,1,Y,Y,Y,Y,Y,Y,Y,Y,In the vicinity of the council offices. Mon - Sat 8am - 8pm; Sun Off,Y,Located at OLSH Thamarrurr Catholic College,Y,,Y,Telstra Coverage Map Telstra Outages,Y,Y,"By road, Wadeye is located approximately 420 km south west of Darwin. It is accessed along the Daly River Road which is not sealed from the Daly River crossing and can only be accessed during the Dry Season (May to October).",1,21,"03/07/2026, 02:34:25 PM"
429,Warruwi,1,1,1,1,Y,Y,Y,Y,,Y,Y,Y,In the vicinity of the Council Office. 8am-8pm daily.,Y,Located at Warruwi School.,Y,,Y,Telstra Coverage Map Telstra Outages,Y,N,,0,17,"26/06/2026, 03:57:54 PM"
434,Woodycupaldiya,1,1,1,1,Y,,,,,,,,,,,,,,,,Y,,0,7,"06/08/2025, 02:14:57 PM"
451,Angurugu,1,1,1,1,Y,Y,Y,Y,Y,Y,Y,Y,In the vicinity of the Library (Lot 348). 7am-5pm daily.,Y,Located at the Angurugu Trade Training Centre and Angurugu School,Y,,Y,Telstra Coverage Map Telstra Outages,Y,N,,0,18,"27/08/2026, 01:34:51 PM"
458,Baniyala,1,1,1,1,Y,Y,Y,,,,,,,Y,Located at the Baniyala Garrangali School,,,,,,Y,,0,10,"06/08/2025, 02:14:48 PM"
464,Birany Birany,1,1,1,1,,U,,,,,,,,,,,,,,,Y,,0,8,"06/08/2025, 02:14:39 PM"
469,Rorruwuy,1,1,1,1,,U,,,,,,,,,,,,Y,Telstra Coverage Map Telstra Outages,,Y,,0,9,"06/05/2026, 02:09:34 PM"
473,Dhalinybuy,1,1,1,1,Y,U,,,,,,,,,,,,,,,Y,,0,8,"06/08/2025, 02:14:49 PM"
492,Galiwinku,1,1,1,1,Y,Y,Y,Y,Y,Y,Y,Y,"In the vicinity of the Lot 120, Yawunymirringura St.",Y,Located at Shepherdson College,Y,Ongoing issues with Telstra services. Island can lose telephone/internet provision for days at a time.,Y,Telstra Coverage Map Telstra Outages,Y,N,,0,19,"10/09/2026, 04:23:19 PM"
498,Gan Gan,1,1,1,1,Y,U,,,,,,,,,,,,,,,Y,,0,8,"06/08/2025, 02:14:49 PM"
500,Gapuwiyak,1,1,1,1,Y,Y,Y,Y,,Y,Y,Y,"In the vicinity of the Creche, 13 Banbinamirri St. School Terms Monday to Friday: 2pm-7pm. Weekends 7am-5pm. School Holidays 7am-5pm Daily.",,,Y,,Y,Telstra Coverage Map Telstra Outages,Y,Y,"Road access to Gapuwiyak, 4wd only, is via a turn-off from the Central Arnhem road about 200 km from Nhulunbuy. Travel time from Nhulunbuy is approximately 2.5 hours depending on road/weather conditions.",0,17,"10/09/2026, 04:22:08 PM"
514,Gunyangara,1,1,1,1,Y,Y,Y,N,,Y,Y,Y,,,,Y,,Y,Telstra Coverage Map Telstra Outages,Y,Y,"By road, the community is 13 km west of Nhulunbuy township. From Nhulunbuy CBD the community is accessible via Melville Bay Road, 8 km of sealed road, approximate travel time 10 mins.",0,17,"10/09/2026, 04:20:12 PM"
517,Gurrumuru,1,1,1,1,Y,U,,,,,,,,,,,,,,,Y,,0,9,"06/08/2025, 02:14:50 PM"
524,Mapuru,1,1,1,1,,Y,,,,,,,,,,,,,,,Y,,0,8,"06/08/2025, 02:14:55 PM"
531,Milingimbi,1,1,1,1,Y,Y,Y,Y,Y,Y,Y,Y,"In the vicinity of the Lot 184, Gadapu Rd. 8am-8pm daily.",Y,Located at the Milingimbi Cyclone Shelter,Y,,Y,Telstra Coverage Map Telstra Outages,Y,N,,0,18,"10/09/2026, 04:19:28 PM"
532,Milyakburra,1,1,1,1,Y,Y,Y,N,,Y,Y,,,Y,Located at the Milyakburra Community Centre Cyclone Shelter,N,,Y,Telstra Coverage Map Telstra Outages,Y,N,,0,16,"27/08/2026, 02:45:43 PM"
542,Ngangalala,1,1,1,1,,,,,,,,,,Y,Located at the Nganambala School,,,,,,Y,,0,7,"06/08/2025, 02:15:06 PM"
549,Numbulwar,1,1,1,1,Y,Y,Y,Y,,Y,Y,Y,In the vicinity of the Council Office. 8am-5pm daily.,Y,Located at the Numbulwar School,Y,,Y,Telstra Coverage Map Telstra Outages,Y,Y,Numbulwar is approx 438 km East of Katherine. The community is accessible by road mostly during the dry season only from Katherine via the Roper River and Ngukurr communities. Travelling is difficult due to significant dirt sections with corrugations and water crossings. Roads may only be open for 4-5 months every year and then in varying conditions.,1,20,"26/06/2026, 03:56:35 PM"
550,Ramingining,1,1,1,1,Y,Y,Y,Y,Y,Y,Y,Y,"In the vicinity of the Library, 21 Warrk Rd. Available 7am-5pm daily.",Y,Located at the Ramingining School,Y,,Y,Telstra Coverage Map Telstra Outages,Y,Y,"The community is 435 km west of Nhulunbuy by road. It is accessible by road (4wd) however, all roads to the community are closed during the wet season. Travel time by road to Darwin and Nhulunbuy is 8 hours. Travel time from Nhulunbuy is approximately 6-8 hours depending on road/weather conditions.",1,20,"10/09/2026, 04:22:39 PM"
555,Umbakumba,1,1,1,1,Y,Y,Y,N,Y,Y,Y,Y,"In the vicinity of the Library, 12 Mamarika Rd. 7am-5pm daily.",Y,Located at the Alyarrmandumanja Umbakumba School,Y,,Y,Telstra Coverage Map Telstra Outages,N,N,,0,18,"25/08/2026, 01:31:49 PM"
571,Yathalamarra,1,1,1,1,,,,,,,,,,,,,,,,,Y,,0,6,"06/08/2025, 02:15:07 PM"
576,Yirrkala,1,1,1,1,Y,Y,Y,N,,Y,Y,Y,,Y,"Located at Laynhapuy Homelands School, Yirrkala School and Mäpuru Yirralka College",Y,,Y,Telstra Coverage Map Telstra Outages,N,Y,Yirrkala is 15 km southeast of Nhulunbuy by road. From Nhulunbuy CBD the community is accessible via the Central Arnhem Road. Travel time is approximately 15 mins.,0,18,"10/09/2026, 04:21:33 PM"
580,Barunga,1,1,1,1,Y,Y,Y,N,Y,Y,Y,N,"In the vicinity of the Library, Barunga School (Lot 327). Available 7am-8pm Daily.",,,Y,,Y,Telstra Coverage Map Telstra Outages,Y,Y,The community is located 80 km south east of Katherine by road. It's approx an hour's drive. The single lane Central Arnhem Highway is sealed to the gateway of Barunga. Only during severe flooding which occurs only sporadically does the road become inaccessible.,1,20,"15/08/2025, 04:08:47 PM"
581,Wugularr,1,1,1,1,Y,Y,Y,N,,Y,Y,Y,In the vicinity of the Council Office. Monday-Friday: 8am-4.30pm. Not available on weekends.,,,Y,,Y,Telstra Coverage Map Telstra Outages,N,Y,"By road, the community is located approximately 118 km south east of Katherine and 31 km east of Barunga. It's around 1.5 hours' drive from Katherine. The Central Arnhem Highway is sealed to the Wugularr Rubbish Dump, approximately 6km past Wugularr. Only during severe flooding which occurs only sporadically does the road become inaccessible.",1,18,"10/02/2026, 09:58:10 AM"
582,Binjari,1,1,1,1,Y,N,Y,N,,N,Y,,,,,Y,,Y,Telstra Coverage Map Telstra Outages,N,Y,The community is located approx 16 km southwest from Katherine off of the Victoria Highway.,0,16,"25/03/2025, 11:00:42 AM"
586,Bulla,1,1,1,1,Y,Y,Y,N,,N,Y,,,Y,Located at the Bulla Camp School,Y,,Y,Telstra Coverage Map Telstra Outages,Y,Y,"The community is situated on the Victoria Highway 340 km west of Katherine. The nearest small town is Timber Creek, a distance of 60 km east of Bulla Camp along the Victoria Highway.",0,20,"06/08/2025, 02:14:58 PM"
587,Bulman,1,1,1,1,Y,Y,Y,U,,Y,Y,Y,In the vicinity of the Council Office. 8am-5pm daily.,,,Y,,Y,Telstra Coverage Map Telstra Outages,Y,Y,"By road, the trip to Bulman takes approx four hours from Katherine. The Central Arnhem Highway is sealed to Wugularr Rubbish Dump (124km). The remaining 188 km is dirt road. The road becomes impassable at times during the wet season at Mainoru River and Flying Fox Creek.",1,17,"29/06/2026, 11:39:01 AM"
591,Daguragu,1,1,1,1,N,N,N,N,,N,Y,Y,In the Sport and Rec Building. 6pm-10pm Daily.,,,Y,,Y,Telstra Coverage Map Telstra Outages,Y,Y,"Access to Daguragu from Katherine is via the Victoria and Buntine highways. The road is sealed between the Victoria Highway turnoff and Kalkarindji, with the section between Kalkarindji and the Western Australia border unsealed. Depending on weather and road conditions, it is about a five to six hours drive. Kalkarindji and Daguragu are about 8kms apart and connected by Daguragu Road, which is sealed. The Wattie Creek causeway can close for periods during the wet season, restricting access between Kalkarindji and Daguragu.",1,17,"15/08/2025, 04:09:00 PM"
593,Jilkminggan,1,1,1,1,Y,Y,Y,N,,Y,Y,,,,,Y,,Y,Telstra Coverage Map Telstra Outages,N,Y,"By road, the trip to Jilkminggan takes approx 1.5 hours from Katherine. The double lane Stuart Highway is sealed in its entirety as is the single lane Roper Highway that links Jilkminggan to the Stuart Highway approx 10 km south of Mataranka.",0,16,"10/02/2026, 09:58:57 AM"
595,Manyallaluk,1,1,1,1,Y,Y,N,N,,Y,Y,,,,,Y,,Y,Telstra Coverage Map Telstra Outages,Y,Y,"By road, it takes just over an hour to drive from Katherine to Manyallaluk. Heading south turn onto the Central Arnhem Highway (sign posted as Barunga/Beswick/Nhulunbuy) and drive to the Manyallaluk turn off, approximately 16km. Travel for 37 km on dirt road to Manyallaluk community. During wet season the dirt road can be closed for a few days due to flooding.",1,17,"19/04/2025, 11:00:30 AM"
600,Hodgson River Station,1,1,1,1,,,,,,,,,,,,,,,,,Y,,0,3,"19/04/2025, 11:00:30 AM"
603,Kalkarindji,1,1,1,1,Y,Y,Y,Y,,Y,Y,Y,"In the vicinity of the Council Office. 24hours, 7 days.",Y,Located at the Kalkaringi School,Y,,Y,Telstra Coverage Map Telstra Outages,Y,Y,"Access to Kalkarindji from Katherine is via the Victoria and Buntine highways. The road is sealed between the Victoria Highway turnoff and Kalkarindji, with the section between Kalkarindji and the Western Australia border unsealed. Depending on weather and road conditions, it is about a five to six hours drive.",0,21,"26/06/2026, 03:54:26 PM"
608,Kybrook Farm,1,1,1,1,N,N,N,N,,N,Y,,,,,U,,Y,Telstra Coverage Map Telstra Outages,N,Y,The community of is located 8 km south of Pine Creek Township by road and is accessible all year round by road.,0,19,"06/08/2025, 02:14:30 PM"
609,Lajamanu,1,1,1,1,Y,Y,Y,Y,Y,Y,Y,Y,In the vicinity of the Library (Batchelor Institute Learning Centre). 9am-3pm Daily.,,,Y,,Y,Telstra Coverage Map Telstra Outages,Y,Y,"By road, Lajamanu can be accessed from Katherine and from Alice Springs. From Katherine, access is via the sealed Buntine Highway and then via approximately 100 km of unsealed road. The travel time is around 6 hours. Access can also be made from Alice Springs via the Tanami Road, which is currently sealed from Alice Springs to within 8 km from Yuendumu, then via the Lajamanu Road. The unsealed section of the Tanami Road as well as the unsealed Lajamanu Road are often in poor repair. The distance from Alice Springs is approx 880 km.",0,20,"26/06/2026, 03:54:58 PM"
622,Amanbidji,1,1,1,1,Y,Y,Y,N,,N,Y,,,,,N,,N,Telstra Coverage Map Telstra Outages,Y,Y,"The community is serviced by an unsealed road to the Victoria Highway (62 km). Once on the Highway it is 107 km east to Timber Creek, the nearest settlement in the Northern Territory.",0,19,"06/08/2025, 02:14:58 PM"
624,Minyerri,1,1,1,1,Y,Y,Y,U,,Y,Y,Y,"In the vicinity of the ""Corporation Office"" Lot 69. 8am-11pm daily.",,,Y,,Y,Telstra Coverage Map Telstra Outages,Y,Y,"By road, the trip to Minyerri takes approx three hours from Katherine. Following the sealed partly single lane Roper Highway which is approx 110 km from Mataranka for 40 km to the Minyerri/Hodgson Downs turn-off. The remaining 40 km is dirt road.",0,18,"29/06/2026, 11:40:07 AM"
633,Ngukurr,1,1,1,1,Y,Y,Y,Y,Y,Y,Y,Y,"In the vicinity of the Council Office (Lot 293). Available Monday to Friday, 8:00am to 4:30pm, Saturday &amp; Sunday off.",Y,Located at Ngukurr School,Y,,Y,Telstra Coverage Map Telstra Outages,Y,Y,"Access to Ngukurr by road uses the Roper Highway which is single and double lane bitumen. The last 70km into Ngukurr is well maintained gravel, which can be used by conventional cars during the dry season and 4WD during the wet season. Travel time by road is approximately 3.5 hours from Katherine. New bridges built over the Roper and Wilton Rivers reduce the impact of severe flooding. When flooded, the road is inaccessible.",1,24,"30/06/2026, 12:14:43 PM"
639,Nitjpurru,1,1,1,1,Y,Y,Y,N,,N,Y,,,,,N,,N,Telstra Coverage Map Telstra Outages,Y,Y,The community is located about 450 km from Katherine by road. It can be accessed via road; 4WD only.,0,16,"16/07/2026, 05:00:02 AM"
641,Rittarangu,1,1,1,1,Y,Y,Y,N,,N,Y,,,Y,Located at Urapunga School,N,,N,Telstra Coverage Map Telstra Outages,Y,Y,"Rittarangu is located approx 300 km southeast of Katherine, using the Roper Highway which is single and double lane bitumen. The last 50km into Rittarangu is gravel. The new bridge built over the Roper River reduces the duration of severe flooding. When flooded, the road is inaccessible.",1,18,"12/02/2026, 03:01:51 PM"
642,Rockhole,1,1,1,1,,,,,,,,Y,,,,,,Y,Telstra Coverage Map Telstra Outages,,Y,,0,8,"06/08/2025, 02:14:48 PM"
654,Weemol,1,1,1,1,N,N,N,N,,N,Y,,,,,N,,Y,Telstra Coverage Map Telstra Outages,Y,Y,"By road, the trip to Weemol takes approx four hours from Katherine. The single lane Central Arnhem Highway is sealed to the Beswick Rubbish Dump, approximately 124 km from the Stuart Highway. The remaining 194 km is dirt road. The road does become inaccessible at times during most wet seasons at Mainoru River and Flying Fox Creek.",1,16,"10/02/2026, 10:21:35 AM"
658,Yarralin,1,1,1,1,Y,Y,Y,Y,,Y,Y,,,,,N,,Y,Telstra Coverage Map Telstra Outages,Y,Y,"Access from Katherine is via the Victoria Highway and then through the picturesque Jasper Gorge, often impassable during the wet season. Alternative access is via the Buntine Highway through Top Springs. Apart from the Victoria Highway all roads are unsealed and often rocky. It takes around 4 hours to drive there from Katherine.",1,16,"26/06/2026, 03:58:12 PM"
721,Likkaparta,1,1,1,1,,,,,,,,,,,,,,,,,Y,,0,7,"19/06/2026, 09:58:10 AM"
744,Pickertaramoor,1,1,1,1,,,,,,,,,,Y,Located at the Tiwi College,,,Y,Telstra Coverage Map Telstra Outages,,,,0,4,"03/07/2026, 02:32:15 PM"
868,Wurankuwu,1,1,1,1,,,,,,,,,,,,,,,,,,,0,4,"06/08/2025, 02:15:07 PM"
