bushtel_id,name,nbn_technology,in_fixed_line,in_fixed_wireless,dist_km_nearest_fixed_line,dist_km_nearest_fixed_wireless,fixed_line_attrs,fixed_wireless_attrs
9,Amoonguna,SATELLITE_RESIDUAL,0,0,4.694,1239.699,,
10,Ampilatwatja,SATELLITE_RESIDUAL,0,0,245.26,1062.605,,
20,Areyonga,SATELLITE_RESIDUAL,0,0,161.72,1243.345,,
26,Orrtipa-Thurra,SATELLITE_RESIDUAL,0,0,250.467,1218.331,,
33,Engawala,SATELLITE_RESIDUAL,0,0,112.835,1151.619,,
36,Finke,SATELLITE_RESIDUAL,0,0,208.231,1452.744,,
41,Haasts Bluff,SATELLITE_RESIDUAL,0,0,198.033,1169.989,,
42,Atitjere,SATELLITE_RESIDUAL,0,0,130.375,1187.281,,
43,Hermannsburg,SATELLITE_RESIDUAL,0,0,108.653,1235.37,,
51,Imanpa,SATELLITE_RESIDUAL,0,0,197.714,1364.355,,
63,Irrultja,SATELLITE_RESIDUAL,0,0,226.343,1090.493,,
65,Iwupataka,SATELLITE_RESIDUAL,0,0,33.747,1232.075,,
66,Kaltukatjara,SATELLITE_RESIDUAL,0,0,493.862,1340.456,,
72,Kintore,SATELLITE_RESIDUAL,0,0,450.858,1158.706,,
86,Laramba,SATELLITE_RESIDUAL,0,0,168.705,1079.388,,
112,Mount Liebig,SATELLITE_RESIDUAL,0,0,262.165,1146.85,,
120,Mutitjulu,SATELLITE_RESIDUAL,0,0,330.526,1380.286,,
127,Nturiya,SATELLITE_RESIDUAL,0,0,182.122,1045.035,,
128,Nyirripi,SATELLITE_RESIDUAL,0,0,351.411,1078.436,,
131,Papunya,SATELLITE_RESIDUAL,0,0,200.969,1142.981,,
138,Pmara Jutunta,SATELLITE_RESIDUAL,0,0,168.057,1058.271,,
145,Santa Teresa,SATELLITE_RESIDUAL,0,0,57.377,1290.784,,
147,Arawerr,SATELLITE_RESIDUAL,0,0,209.149,1083.223,,
148,Titjikala,SATELLITE_RESIDUAL,0,0,97.089,1341.609,,
174,Wallace Rockhole,SATELLITE_RESIDUAL,0,0,86.439,1260.505,,
186,Willowra,SATELLITE_RESIDUAL,0,0,237.882,935.246,,
187,Wilora,SATELLITE_RESIDUAL,0,0,214.885,1016.12,,
197,Yuelamu,SATELLITE_RESIDUAL,0,0,229.454,1040.882,,
198,Yuendumu,SATELLITE_RESIDUAL,0,0,261.24,1036.305,,
202,Ali Curung,SATELLITE_RESIDUAL,0,0,149.231,961.812,,
203,Alpurrurulam,SATELLITE_RESIDUAL,0,0,406.025,1147.428,,
219,Canteen Creek,SATELLITE_RESIDUAL,0,0,180.52,980.4,,
227,Wutunugurra,SATELLITE_RESIDUAL,0,0,140.594,945.451,,
244,Mungkarta,SATELLITE_RESIDUAL,0,0,73.23,885.007,,
250,Imangara,SATELLITE_RESIDUAL,0,0,161.084,977.697,,
252,Marlinja,SATELLITE_RESIDUAL,0,0,262.664,551.45,,
256,Wandangula,SATELLITE_RESIDUAL,0,0,418.078,659.57,,
258,Robinson River,SATELLITE_RESIDUAL,0,0,433.086,759.591,,
264,Tara,SATELLITE_RESIDUAL,0,0,204.428,999.502,,
294,Belyuen,SATELLITE_RESIDUAL,0,0,15.609,9.338,,
319,Gochan Jiny Jirra,SATELLITE_RESIDUAL,0,0,185.24,346.385,,
329,Gunbalanya,SATELLITE_RESIDUAL,0,0,43.111,190.946,,
362,Maningrida,SATELLITE_RESIDUAL,0,0,166.247,323.739,,
363,Manmoyi,SATELLITE_RESIDUAL,0,0,140.332,304.387,,
374,Milikapiti,SATELLITE_RESIDUAL,0,0,102.395,96.993,,
375,Minjilang,SATELLITE_RESIDUAL,0,0,165.953,203.021,,
397,Nauiyu,SATELLITE_RESIDUAL,0,0,136.479,95.634,,
400,Wurrumiyanga,SATELLITE_RESIDUAL,0,0,69.099,61.216,,
404,Nganmarriyanga,SATELLITE_RESIDUAL,0,0,230.578,193.605,,
410,Peppimenarti,SATELLITE_RESIDUAL,0,0,201.359,163.316,,
411,Pirlangimpi,SATELLITE_RESIDUAL,0,0,114.162,104.19,,
426,Wadeye,SATELLITE_RESIDUAL,0,0,240.882,209.916,,
429,Warruwi,SATELLITE_RESIDUAL,0,0,125.022,249.556,,
434,Woodycupaldiya,SATELLITE_RESIDUAL,0,0,176.992,143.344,,
451,Angurugu,SATELLITE_RESIDUAL,0,0,191.977,579.645,,
458,Baniyala,SATELLITE_RESIDUAL,0,0,122.909,540.189,,
464,Birany Birany,SATELLITE_RESIDUAL,0,0,72.857,565.529,,
469,Rorruwuy,SATELLITE_RESIDUAL,0,0,51.734,548.562,,
473,Dhalinybuy,SATELLITE_RESIDUAL,0,0,47.775,556.805,,
492,Galiwinku,SATELLITE_RESIDUAL,0,0,133.892,470.897,,
498,Gan Gan,SATELLITE_RESIDUAL,0,0,129.339,507.81,,
500,Gapuwiyak,SATELLITE_RESIDUAL,0,0,111.218,491.954,,
514,Gunyangara,SATELLITE_RESIDUAL,0,0,6.777,593.652,,
517,Gurrumuru,SATELLITE_RESIDUAL,0,0,72.874,538.642,,
524,Mapuru,SATELLITE_RESIDUAL,0,0,146.972,453.422,,
531,Milingimbi,SATELLITE_RESIDUAL,0,0,204.536,398.688,,
532,Milyakburra,SATELLITE_RESIDUAL,0,0,180.475,546.589,,
542,Ngangalala,SATELLITE_RESIDUAL,0,0,196.527,403.805,,
549,Numbulwar,SATELLITE_RESIDUAL,0,0,251.201,513.315,,
550,Ramingining,SATELLITE_RESIDUAL,0,0,203.6,396.619,,
555,Umbakumba,SATELLITE_RESIDUAL,0,0,173.731,614.248,,
571,Yathalamarra,SATELLITE_RESIDUAL,0,0,204.189,396.35,,
576,Yirrkala,FIXED_LINE,1,0,0.0,613.795,polygon_id=8NLN-20,
580,Barunga,SATELLITE_RESIDUAL,0,0,50.293,263.467,,
581,Wugularr,SATELLITE_RESIDUAL,0,0,77.407,283.82,,
582,Binjari,SATELLITE_RESIDUAL,0,0,9.119,216.909,,
586,Bulla,SATELLITE_RESIDUAL,0,0,276.641,327.232,,
587,Bulman,SATELLITE_RESIDUAL,0,0,196.192,345.974,,
591,Daguragu,SATELLITE_RESIDUAL,0,0,355.197,494.204,,
593,Jilkminggan,SATELLITE_RESIDUAL,0,0,108.342,329.801,,
595,Manyallaluk,SATELLITE_RESIDUAL,0,0,52.505,239.461,,
600,Hodgson River Station,SATELLITE_RESIDUAL,0,0,216.745,438.253,,
603,Kalkarindji,SATELLITE_RESIDUAL,0,0,358.528,499.258,,
608,Kybrook Farm,SATELLITE_RESIDUAL,0,0,79.004,132.951,,
609,Lajamanu,SATELLITE_RESIDUAL,0,0,397.81,598.211,,
622,Amanbidji,SATELLITE_RESIDUAL,0,0,354.431,410.769,,
624,Minyerri,SATELLITE_RESIDUAL,0,0,197.859,409.998,,
633,Ngukurr,SATELLITE_RESIDUAL,0,0,254.446,434.458,,
639,Nitjpurru,SATELLITE_RESIDUAL,0,0,277.778,429.635,,
641,Rittarangu,SATELLITE_RESIDUAL,0,0,236.166,417.736,,
642,Rockhole,SATELLITE_RESIDUAL,0,0,6.881,214.412,,
654,Weemol,SATELLITE_RESIDUAL,0,0,192.665,342.683,,
658,Yarralin,SATELLITE_RESIDUAL,0,0,260.163,389.046,,
721,Likkaparta,SATELLITE_RESIDUAL,0,0,47.697,800.623,,
744,Pickertaramoor,SATELLITE_RESIDUAL,0,0,62.235,61.352,,
868,Wurankuwu,SATELLITE_RESIDUAL,0,0,103.708,89.54,,
