component,factor,weight,perturbed_weight,top10_overlap,spearman_rho
population,0.5,0.2,0.1,10,0.9982
population,1.5,0.2,0.3,10,0.999
services_present,0.5,0.2,0.1,10,0.9975
services_present,1.5,0.2,0.3,10,0.9975
telehealth_verdict,0.5,0.2,0.1,10,0.9997
telehealth_verdict,1.5,0.2,0.3,10,0.9999
voice_sms_verdict,0.5,0.15,0.075,10,0.9998
voice_sms_verdict,1.5,0.15,0.225,10,0.9999
claim_reliability,0.5,0.1,0.05,10,0.9955
claim_reliability,1.5,0.1,0.15,10,0.9965
audit_non_alignment_5km,0.5,0.1,0.05,10,0.9965
audit_non_alignment_5km,1.5,0.1,0.15,10,0.9996
mbsp_funded_5km,0.5,-0.1,-0.05,10,0.9978
mbsp_funded_5km,1.5,-0.1,-0.15,10,0.9987
cyclone_exposure,0.5,0.0,0.0,10,1.0
cyclone_exposure,1.5,0.0,0.0,10,1.0
adii_lga,0.5,0.0,0.0,10,1.0
adii_lga,1.5,0.0,0.0,10,1.0
