rank,name,score,telehealth_video,intervention,addressee
1,Nitjpurru,0.608,fails,low-latency backhaul,"DCDD, nbn"
2,Amanbidji,0.596,fails,low-latency backhaul,"DCDD, nbn"
3,Areyonga,0.586,fails,low-latency backhaul,"DCDD, nbn"
4,Rittarangu,0.526,fails,low-latency backhaul,"DCDD, nbn"
5,Dhalinybuy,0.525,fails,low-latency backhaul,"DCDD, nbn"
6,Gan Gan,0.523,fails,low-latency backhaul,"DCDD, nbn"
7,Woodycupaldiya,0.502,fails,low-latency backhaul,"DCDD, nbn"
8,Gurrumuru,0.500,fails,low-latency backhaul,"DCDD, nbn"
9,Baniyala,0.489,fails,low-latency backhaul,"DCDD, nbn"
10,Orrtipa-Thurra,0.483,fails,low-latency backhaul,"DCDD, nbn"
11,Imangara,0.389,nodata,mobile site (MBSP nomination),"DCDD, carrier"
12,Mapuru,0.358,nodata,verify and publish the licensed site,"carrier, ACMA"
13,Mungkarta,0.355,fails,low-latency backhaul,"DCDD, nbn"
14,Manmoyi,0.342,nodata,verify and publish the licensed site,"carrier, ACMA"
15,Birany Birany,0.318,nodata,verify and publish the licensed site,"carrier, ACMA"
16,Rorruwuy,0.318,nodata,verify and publish the licensed site,"carrier, ACMA"
17,Wurankuwu,0.303,nodata,verify and publish the licensed site,"carrier, ACMA"
18,Gochan Jiny Jirra,0.225,nodata,mobile site (MBSP nomination),"DCDD, carrier"
19,Hodgson River Station,0.225,nodata,mobile site (MBSP nomination),"DCDD, carrier"
20,Likkaparta,0.225,nodata,mobile site (MBSP nomination),"DCDD, carrier"
21,Nauiyu,0.632,degraded,verify on the ground,"DCDD, carrier"
22,Galiwinku,0.597,degraded,backup power,carrier
23,Maningrida,0.582,degraded,measure the link here,DCDD
24,Wurrumiyanga,0.568,degraded,backup power,carrier
25,Milingimbi,0.561,degraded,backup power,carrier
26,Jilkminggan,0.553,degraded,verify on the ground,"DCDD, carrier"
27,Numbulwar,0.549,degraded,measure the link here,DCDD
28,Pirlangimpi,0.548,degraded,backup power,carrier
29,Barunga,0.545,degraded,verify on the ground,"DCDD, carrier"
30,Wadeye,0.543,degraded,measure the link here,DCDD
31,Warruwi,0.538,degraded,backup power,carrier
32,Kintore,0.537,degraded,backup power,carrier
33,Milikapiti,0.537,degraded,backup power,carrier
34,Ngukurr,0.529,degraded,measure the link here,DCDD
35,Santa Teresa,0.528,degraded,backup power,carrier
36,Angurugu,0.524,degraded,measure the link here,DCDD
37,Ramingining,0.522,degraded,measure the link here,DCDD
38,Papunya,0.520,degraded,measure the link here,DCDD
39,Umbakumba,0.519,degraded,measure the link here,DCDD
40,Peppimenarti,0.517,degraded,measure the link here,DCDD
41,Gunbalanya,0.512,degraded,measure the link here,DCDD
42,Minyerri,0.512,degraded,measure the link here,DCDD
43,Atitjere,0.501,degraded,backup power,carrier
44,Lajamanu,0.498,degraded,measure the link here,DCDD
45,Kaltukatjara,0.486,degraded,measure the link here,DCDD
46,Kalkarindji,0.485,degraded,measure the link here,DCDD
47,Gapuwiyak,0.482,degraded,measure the link here,DCDD
48,Bulman,0.477,degraded,measure the link here,DCDD
49,Hermannsburg,0.476,degraded,measure the link here,DCDD
50,Ampilatwatja,0.470,degraded,backup power,carrier
51,Milyakburra,0.466,degraded,refresh the coverage list,DCDD
52,Yuendumu,0.465,degraded,measure the link here,DCDD
53,Nganmarriyanga,0.465,degraded,measure the link here,DCDD
54,Robinson River,0.461,degraded,measure the link here,DCDD
55,Ali Curung,0.449,degraded,measure the link here,DCDD
56,Alpurrurulam,0.446,degraded,measure the link here,DCDD
57,Yarralin,0.441,degraded,backup power,carrier
58,Canteen Creek,0.441,degraded,refresh the coverage list,DCDD
59,Wugularr,0.439,degraded,measure the link here,DCDD
60,Nyirripi,0.438,degraded,refresh the coverage list,DCDD
61,Titjikala,0.432,degraded,backup power,carrier
62,Laramba,0.431,degraded,refresh the coverage list,DCDD
63,Wutunugurra,0.424,degraded,refresh the coverage list,DCDD
64,Mutitjulu,0.421,degraded,measure the link here,DCDD
65,Minjilang,0.407,degraded,backup power,carrier
66,Gunyangara,0.387,degraded,measure the link here,DCDD
67,Mount Liebig,0.387,degraded,measure the link here,DCDD
68,Bulla,0.386,degraded,measure the link here,DCDD
69,Willowra,0.385,degraded,refresh the coverage list,DCDD
70,Finke,0.381,degraded,refresh the coverage list,DCDD
71,Manyallaluk,0.379,degraded,backup power,carrier
72,Belyuen,0.375,degraded,measure the link here,DCDD
73,Imanpa,0.352,degraded,measure the link here,DCDD
74,Amoonguna,0.349,degraded,low-latency backhaul,"DCDD, nbn"
75,Wallace Rockhole,0.343,degraded,backup power,carrier
76,Yuelamu,0.338,nodata,refresh the coverage list,DCDD
77,Binjari,0.314,degraded,measure the link here,DCDD
78,Wilora,0.311,nodata,refresh the coverage list,DCDD
79,Pmara Jutunta,0.283,degraded,measure the link here,DCDD
80,Arawerr,0.278,nodata,refresh the coverage list,DCDD
81,Tara,0.244,degraded,refresh the coverage list,DCDD
82,Wandangula,0.244,nodata,refresh the coverage list,DCDD
83,Pickertaramoor,0.168,nodata,refresh the coverage list,DCDD
84,Iwupataka,0.150,nodata,refresh the coverage list,DCDD
85,Haasts Bluff,0.374,nodata,monitor,DCDD
86,Daguragu,0.341,nodata,monitor,DCDD
87,Engawala,0.341,nodata,monitor,DCDD
88,Nturiya,0.314,nodata,monitor,DCDD
89,Yirrkala,0.312,works,monitor,DCDD
90,Weemol,0.304,nodata,monitor,DCDD
91,Ngangalala,0.275,nodata,monitor,DCDD
92,Irrultja,0.264,nodata,monitor,DCDD
93,Marlinja,0.218,nodata,monitor,DCDD
94,Yathalamarra,0.206,nodata,monitor,DCDD
95,Rockhole,0.187,nodata,monitor,DCDD
96,Kybrook Farm,0.168,nodata,monitor,DCDD
