name,region,population,nearest_site_km,nearest_site_name,nearest_site_precision,accc_4g,ntg2022_listed
Amanbidji,Big Rivers,88,0.258,"20 m seesaw monopole, Amanbidji Community BAINES",Within 10 metres,N,N
Baniyala,East Arnhem,138,0.17,"19 m Mast, Baniyala Community EAST ARNHEM",Within 10 metres,N,N
Birany Birany,East Arnhem,40,0.092,"9 m seesaw monopole, Birany Birany Community EAST ARNHEM",Within 10 metres,N,N
Manmoyi,Top End,106,0.101,"9 m pole, Manmoyi Community WEST ARNHEM",Within 10 metres,N,N
Mapuru,East Arnhem,97,0.068,"9 m Ingal seesaw monopole, Mapuru Community EAST ARNHEM",Within 10 metres,N,N
Nitjpurru,Big Rivers,142,0.846,"20 m seesaw monopole, Pigeon Hole Community near Sewage Ponds EAST ARNHEM",Within 10 metres,N,N
Orrtipa-Thurra,Central Australia,38,0.349,"Telstra Street Cell, Orrtip-Thurra Community ANATYE",Within 10 metres,N,N
Rittarangu,Big Rivers,139,0.212,"20 m seesaw monopole, Urapunga Community 85 m SW of Water Tank WILTON",Within 10 metres,N,N
Rorruwuy,East Arnhem,40,0.055,"9 m seesaw monopole, Rorruwuy Community WEST ARNHEM",Within 10 metres,N,N
Woodycupaldiya,Top End,36,0.038,"9 m pole, Woodycupaldiya Community NEMARLUK",Within 10 metres,N,N
Wurankuwu,Top End,22,0.174,Broadcast Site  WURANKUWU,Unknown,N,N
