bushtel_id,name,region,population,health_centre
250,Imangara,Barkly,79,N
319,Gochan Jiny Jirra,Top End,0,N
363,Manmoyi,Top End,106,N
434,Woodycupaldiya,Top End,36,Y
458,Baniyala,East Arnhem,138,Y
464,Birany Birany,East Arnhem,40,N
469,Rorruwuy,East Arnhem,40,N
473,Dhalinybuy,East Arnhem,92,Y
498,Gan Gan,East Arnhem,87,Y
517,Gurrumuru,East Arnhem,34,Y
524,Mapuru,East Arnhem,97,N
600,Hodgson River Station,Big Rivers,0,N
622,Amanbidji,Big Rivers,88,Y
639,Nitjpurru,Big Rivers,142,Y
641,Rittarangu,Big Rivers,139,Y
721,Likkaparta,Barkly,0,N
868,Wurankuwu,Top End,22,N
